Source_id,Sentence_en
1,The Eclipse program helps us to identify and execute the errors.
2,"For I bear him record, that he saith, I have confidence in thee, because thou believest not the spirit, but because thou trustest in the spirit."
3,Then he searches for the drag. I will click on Canl.
4,"For all operators, the operator is set to each indices. 1,1 followed by 1,2"
5,"And, behold, there cometh one of the second, which is called death, and is at hand: and I heard a voice saying, Sit thou on my right hand, and on my left."
6,"Yes, we have learnt that objects store their own status fields."
7,Child has trust in you all.
8,"Seeing the nature, you may become astonished."
9,"And ye have heard that it hath been said, An eye for an eye, and a tooth for a tooth:"
10,"Some parts of water, soil, water, water and water are found in the presence of God."
11,They are looking at the book.
12,Paternal grandfather came from the Library.
13,Go back to the top layer again and click on the bottom of the tab 0 and then on the top 7.
14,Element and Distribute dialog box opens up right corner of interface.
15,"To set the brackets, click on the Panel Number."
16,We have done so for Borrowed Books that we have done here.
17,The physiological period is defined by the first set of yogas of Yoga.
18,Those are creepers.
19,"Apache, MySQL and PHP obtained through XAMPP 5.5.19"
20,"Here, we can give appropriate titles for our document."
21,Army follows.
22,1. how many cells are found.
23,We can also add shortcuts to Launcher.
24,"You will be able to increase the height of the wall, and you will be in danger of not being harmed by the village."
25,The use of objects in this series is often used in remote and remote parts of the world and also in different forms is also used for today's modern products.
26,You can also prevent any insects and other diseases.
27,Click on all the goods in the view.
28,Boy displays love in you.
29,"Knowing that all the tribes of Asia are subject to me, that every one that exalteth himself shall be abased; and all that are in the world shall know that I am coming."
30,"In this details, I am- Indian Journal of Microbiology."
31,"Popliser, Calculence title,"
32,Stand both legs together and hold the legs together.
33,"I select the Brush and invoke the gradient as ""de-select"", and I select my best color."
34,"Next, we will type the success User page."
35,Plants grow in plants and other rules.
36,"For ye are no more strangers and disobedient, but fellow workers with holy saints, for God's sake."
37,Many tribal practices are common in the company and are kept in special postures.
38,"And it came to pass, that on the next day, when Judas also was no more, but for the elect's sake, and for all that are with him, he shall be called."
39,Remove harmful plant from your own soil to help reduce these problems.
40,Close the box at the top of the Order.
41,Ardhattana Pranayama - Edili.
42,"During that time, Rama entered the army of Vyayama and conquered the powers of evil and evil in the land of Vedas."
43,This brings us to the end of this tutorial.
44,These methods and constructors are undefined.
45,Pandavas also have conchs.
46,"In the file, read the data ph = fopen(“Sample.txt”)"
47,"For details, please write to contact @spoken-tutorial.org"
48,"Now, let us type the password for the Moodle administrator and follow the password rules for this tutorial."
49,"When invoked, I will run the FrontAccounting folder as account."
50,"And there were kept the passover, and the sprinkling of blood, and both of them that were baptized."
51,Welcome to Meet the GIMP.
52,"Before using a variable, it should be declared."
53,Let’s see the number of jdk.
54,"As we can see, the Course Category is the Mathematics."
55,"Now, let us see how to create a simple Java web project using NetBeans IDE."
56,Hanuman is a dance of Acharyadra.
57,We will explain.
58,"However, I have filled 'ful Name' only with 'duk' and I will leave the rest of the details blank by clicking on Enter."
59,Sit in comfortable position or sit on the floor.
60,"And it came to pass, that, when they had gone through the way, they departed thence."
61,"In the Perspective, enter InkSCAPE."
62,Press Enter.
63,Let’s work next to “for” loop.
64,Let’s go back to the next week. Let's return.
65,Clean the area where you are staying for other purposes.
66,Sthiti: One who is above the outer part of the outer layer.
67,"If you do not have good bandwidth, you can download and watch it."
68,Arch a stitch with two stitches to use and strengthen it.
69,"On the left side of the left hand side, change the right shoulder to the right side of spine."
70,Rename the layer name as CD Template.
71,Most water treat diseases.
72,haters cover.
73,Right-click the Database node in the Services window.
74,There is an error here.
75,We are staying here.
76,"And it came to pass on a certain day, that they will kill the child: and they will tell him the name of his father, and mother, and children."
77,"So, the control goes to displayMessage."
78,We can now add this document to the end of this document.
79,Women are recording.
80,What is important for today's music?
81,"Even though they are not connected to it, they are also used to make some metals of silver."
82,"Arch the knees on the ground, drag inside and sit back while resting on the heels."
83,"Next, we will call RemoveForeCheckout method."
84,Boy will have knowledge of everything.
85,"But the Lord is not made manifest, neither is there any that shall eat of the bread of the Son of man, but of the Father."
86,"To learn how to use a hand or a sewing machine, you must have knowledge of how to make a list of the features of the stitches."
87,4. The leaves are usually made of green plants and leaves.
88,I will just click on it to make it go further.
89,We have created a rectangle.
90,Hanumta: One who has knowledge of Sita.
91,"In this tutorial, we have learnt about subclassing and Method overriding."
92,"For this I say unto you, That all kindreds and tongues, and nations, have made this image, and all things have ye made, have known to us."
93,"To create this tutorial, we have to learn about various types of nutrients and health products used by society."
94,Let us now learn to install the software using Synaptic Package Manager.
95,These are two Kakhishukshetras.
96,Click on View this Journal Entry link.
97,Who is a peacock?
98,She is hearing.
99,"For that, [bc] it is used for the return execution, a or ab or c."
100,"Depending on the part of the two sideways, the fabric is cooked for food and the other functions are available for water."
101,"Neither the rulers of this world knew it: for they repented not to the grace of God, neither were they counted worthy to be crucified."
102,You can see that we also use food to show the nature of nature.
103,"And he departed thence, and went into a desert place:"
104,"And he answered and said, I was astonished at his mother, and desired to depart out of my bones."
105,Go to the area where the logo is saved.
106,Sitting Asanas - Pranayamasana - Pratyasana with the help of at least half of the gogasanasana.
107,These are Asanas.
108,Krishna has knowledge of everything.
109,Monkey protects the fruit.
110,Who are those warriors ?
111,Click on the Range at the bottom right.
112,India is leading to India.
113,"And it came to pass on the third day, that Jesus came and took up his disciples, and shewed unto them the third hour of the day."
114,There are many benefits in this home.
115,"Let us now add Service tax. Before that, we have to create GL Account for the Service Tax."
116,"In old past, we have learnt a bit about Bookmarks."
117,"Now press Enter. To execute, type dot slash if1. Press Enter."
118,We will learn about the input/output function and the Type-stream function.
119,"Next, we will pass the book_id as an integer from the id."
120,"And the seven plagues of the seventh angel were fulfilled, which God hath kept until the day of his coming."
121,"But, to redirect, you should have 2 right angle brackets, 2 double right-right bracket."
122,"Now, we can see the names of the users in the id."
123,Vibhuti: One who is unspent and unsurpassable.
124,But we can send more than 500 pounds per day.
125,"To get the variables available at the following class, we have the following: Name is a place of service."
126,You are a leader.
127,What was Maricha?
128,Save the law and run it. Let's see the value is zero.
129,"In the sub-field ‘a’, Classification number, type 660.62."
130,"Now, let us look at the common errors."
131,It improves blood awareness throughout the body.
132,"In any case, how can we check an indices in the multidimensional array?"
133,Create a circle around the angle and create a black circle of blue.
134,Error dialog box and Sortout keys.
135,Let’s come here. Let me remove this and now add the figure.
136,The name of the D.D.T (kj) is also known as Spoken Tutorial.
137,"In this case, we will see that write permission is removed from all."
138,Refer to the spoken tutorial on spoken tutorials.
139,This is a Windows that requires the input for LATEX and TeXworks is a prerequisite for MikTeX.
140,We can see that the block diagrams are not equal to a mathematical function.
141,We both may say.
142,Internet connection is proper.
143,And the program is still running.
144,"To do so, go to the bottom of the legs and sit on the soles of the thighs."
145,These are the most common objects of your drawing.
146,Krishna places the chariot on the chariot.
147,I have already set up the Spoken Tutorial details of this series.
148,Spoken Tutorial project is a part of the Talk to a Teacher project.
149,Koha automatically selects Spoken Tutorial Library.
150,And the great multitude saw every one of them; and they were sore amazed at his face like the angels which were in heaven.
151,"Go to the browser, open your Moodle site."
152,You can type your journal here.
153,and these keys are used in different selections.
154,More information on this mission is available at this link.
155,"However, Internet Explorer should be avoided."
156,"In the prompt, type: Date space plus percentage symbol and press Enter."
157,We will learn what an interface name is.
158,"You can also speak of a simple and non-legged cell name of all beings,"
159,Turn the fingers backwards.
160,"Father, let your glory be in my mouth, and in my glory: and, behold, I bring forth the voice of my glory, that I may see it again."
161,"The following are packages which are used for serving food, plastic books, chemical books, Calcult material, friends etc."
162,"In those days shall men die: and they shall not for death, but for the life of death: and then shall they seek death, and for the resurrection."
163,I think so.
164,EnVIMON (Anviron)-hale environment variables and arrays of them.
165,We have kept the part out and there is a bit more up there.
166,This is a GUI that will be used for the applet-get command line.
167,Keep the 10 inches apart and place your hands in the middle.
168,We will see what is awkdemo.txt file.
169,"And they said unto him, These are they which are of old, and of old; but of the first, And they which heard it, and said, These have done so."
170,Explain the meaning of folk dance.
171,"So, I can pull the back point to this later."
172,"From the HIV ‘genomek’ sequence, from 4587 to 5565, execute the HIV “HVI1g3” (HIV 1 jg3)"
173,"And Jesus said unto them, Verily, verily, I say unto you, I am he."
174,"He that committeth evil is not manifest in his sight: for he that commiteth it is manifest in the sight of his Son, and not in the light."
175,"Now, let us see how we can work on the law."
176,Now click on OK and close the dialog box.
177,It will execute the Spoken Tutorial project.
178,"In that case, I will select Step Over and import the value in the constructor is set to 10."
179,Read carefully.
180,Today you are in the house.
181,Welcome to the spoken tutorial on grep command.
182,"Next, we will see the fields under Description and Course Summary files."
183,Those are people.
184,The include graphics are used for colour packages and we need to stop the need to talk to LaTeX.
185,"Now, in the location of the printf statement, we are using the cout statement, which is used to print the coutput< field in C++."
186,3. ghee food in the throat is cooked in a pot like an egg.
187,Write the traditional steps used by water pollution.
188,"So, I select the tongue and correct the error."
189,"Notice that there are a list of planets, planets, orbits, count and count of yesterdays."
190,"So, while doing this practice your breath rate should be between 30 and 35 breaths per minute."
191,"The Spoken Tutorial Project is a part of the Talk to a Teacher project and is supported by the National Mission on Education through ICT, MHRD, Government of India."
192,The Spoken Tutorial Project Team conducts workshops using spoken tutorials.
193,"But they, which, when they heard it, murmured against him, supposing him to have been in the spirit, but in the power of God they glorified the Lord."
194,"So, the name of Yasana is derived from the bravery."
195,Slowly lean towards the right leg till the right hand reaches the right heel.
196,Teacher calls children.
197,Write two types of cleanliness in outer body parts.
198,And the chief priests and all the council took counsel against Jesus to put him to death:
199,"So, I will create a new site and name it as white and I will quickly select the value of the Layer Fill Type and now I can see the opacity value of opacity in this image."
200,Pranayama: One who dwells in his own self.
201,Some of India’s tribal names are used with examples of tribal names.
202,Now add the processing statement.
203,That's enough.
204,This game will have enough room to play.
205,"Therefore be careful of what you say, and do not say, forasmuch as it is not subject to the flesh, but for the glory of men."
206,The value of variables is not assigned to us.
207,"Now, click on ctrl and z key twice and undo this action."
208,Click on the Selector tool.
209,I will give these money.
210,"As you breathe, your stomach exits and as you exhale, the fire collapses."
211,"Now, let us invoke the data method to print the details of the name."
212,Click on View menu and select the Properties option.
213,"To use the Tool tool, we have to record the tutorials using Maximum Resources."
214,Total 4000 and optical course 0.00 itself.
215,"Use and setup the guide lines,"
216,The Process field is used by one Sales Person.
217,"Then said the disciples unto him, Why do we eat and drink?"
218,Boy has friendship on that.
219,The video shown here is an application for Vidsos.
220,"For it is written in the law of Moses, I will not be a people, but of my own mouth. I will declare it to you. This is my beloved Son, in whom I am well pleased."
221,You can also use KTouch to download and install Ubuntu software.
222,Child has trust in these all.
223,I will select 15 day(s) for the Grade price.
224,"Then said I to them that are with me, These have I delivered unto you, and to them which are of the house of Jason, and mine kinsmen; and to the Jews I shall reproach them also."
225,God tells Sri Krishna to sing a song.
226,This is a physical exercise which improves one’s pace.
227,"In the following scriptures, explain what is pure and pure."
228,"But he that is joined unto the Lord is one spirit, and honoureth not the word of men."
229,"In the prompt, type: ""date space plus percentage"" and press Enter."
230,"The king called some Brahmins and said, 'My mother's last wish should be performed in Brahmans',"
231,And the whole mountain was moved from Jerusalem.
232,Do you know what the songs are?
233,"The next set is the Hydrogens. In this course, the students have information about the identity of the students."
234,Those two are monkeys.
235,The first is General Ledger Account Class here.
236,"For ye have suffered a little while, and have lived with him, that the blood of his flesh should not depart from you: but now he that descended from death unto his brother shall be put to death."
237,But this does not happen with promsarika.
238,"Serving the Lord with all joy, and honour, and glory, and crown, but not with shoulder, as in the Lord: for the heart is not burdensome, but by the grace of our Lord he doth rejoice."
239,"It is the practice of relaxing, relaxing and calming practices."
240,More and more human activity is decreased by the nature of the solar system and by the effect of the increasing of the movement of our solar system.
241,This should not disturb the body and spine.
242,The parent of the front and the line to get the line line of 5 and 2 is 100.
243,Son- what is the difference between them all?
244,"So, we can see that in the Employee editor, Maths.pdf_t."
245,Refer to the answers perpendicular to all parts of the body.
246,"O Israel, O Lord our God, the God of our fathers:"
247,"During Vedic dances, Jajirved, Jairveda, Madhya Vyayama, has a number of homes, homes, houses, houses etc."
248,Do not click on the button to see the contents in the folder.
249,Look at the image of the double square handles and the second circle handles or underscore handles.
250,"When food is stored in the upper room, it is said that it is done."
251,"And I write unto them that are at Antioch, and Iconium, and Antioch, an apostle, and an apostle to the people which are at Cyrene, and strangers in Antioch,"
252,These are two armies.
253,"However, for protection, it should not have a directory access in the web."
254,"And when Paul had called one of them, and said, We have found nothing in you: but this man is a Jew, and I am not worthy of it."
255,I have forgotten to configure you all the time.
256,Google Calendar..
257,"Pray ye therefore in the name of the Lord, that it be said unto them that pray in the wilderness."
258,"Next, click on Koha Administration."
259,The name of the Lord is Durgasam.
260,"I have written to you concerning all things that are commanded you, that ye should not enter into my rest."
261,A new page opens.
262,"Also, we should also use the terminal, text editor, Synaptic Package Manager in Linux."
263,"For example, in the T-dimensional array, an element is known by two index sequences."
264,They are in Sanskrit.
265,Save the image as an .cm file.
266,Type 4.
267,Some people create an object with a small amount of pressure in a small room.
268,It enhances your concentration and calms the mind.
269,"In the practice of Bhramari, do not use ‘na-kára’ or ‘Marra’."
270,"By faith the promises of God through faith were made righteous, and by the promise of righteousness, and the things which are spoken by the mouth of the lion:"
271,"And they asked him, saying, Why tellest thou the parable?"
272,Add the name of the first 2 number.
273,We will open the terminal.
274,"Now, let us try the Launcher. Type the slash symbol to remove the asterisk symbol."
275,"There is a country of different cultures in India, in Indian language, country, country and country, in which there are many different cultures such as tribal, tribal, religions and so on."
276,Notice that the curves are in between.
277,Click on the uploaded file.
278,"And certain men of Antioch and Iconium came there; and they drew Paul, and drew them out, and sat with them in the judgment, insomuch that they were out of the city."
279,"As a result, some of the images appear very similar."
280,"To create a sample web application for this tutorial,"
281,"But I can change it by changing the color. To do that, I have the shortcut key ‘X’ here and I am doing a bit darker here."
282,But the non-string block cannot be parsed.
283,This is the main method at the beginning of this series.
284,I will also use Firefox web browser and activate the activater.
285,Let us see the function of the code.
286,"1. The seeds are called water, air, air and water, are called in the form of heat and heat."
287,"And the servant answered and said unto him, Sirs, why do ye eat and drink with me? I have gained ten talents in the field, and in the house where I am sold them?"
288,Samsara Suktam: One who is endowed with the ability to perform normal breathing.
289,"Then John followed him, and preached the gospel of the kingdom of God through Jesus Christ,"
290,"Now, let us see how the code works. Save and run."
291,"Back to the menu item, go to the programming and Netbeans IDE."
292,"And it came to pass, that, when they were come out of the rock, they caught up unto it a great multitude of fishes: and they were filled with water, and were filled."
293,And I will show you the code.
294,Rama is satisfied with Arjuna.
295,"And when he was come into the villages, behold, there came a certain man, named John, who also received him."
296,"Next, we will create an integer by return set."
297,The output shows the number of elements in dna2 sequences.
298,"The gimp, Windows and Macinch program are used to close multiple lakhs."
299,None of them have any element of food in the food. We eat food and give food to our body.
300,Let us go back to the area where the box is located.
301,"The father then commanded his son, and he gave him to be brought to him, or to be put to death for him."
302,Also make tight fists in the direction through the palms.
303,"Now, let us learn to create a stroke or to call the output to the object. To that, we should use the Stroke paint line."
304,"Lakshmi: One who is the most important of all, the most powerful and the most beautiful of all."
305,Scroll down and click on Save and display button at the bottom of the page.
306,"Right-click on the Open. Select Evolutes, Action, Action Frameworkd from the angle menu."
307,"Then said Jesus to his disciples, Let us go into the world:"
308,"In the present and future, the singer is a god."
309,"Saying, This man shall be the sign of the Son of man, and of the prophets: and all the tribes of the earth shall rise again."
310,"And said unto them, Art thou defiled, because the grace of thy Lord is in him? or, lo, he is risen again, and is in the kingdom of God."
311,And close the document.
312,"You have heard that there is a star in the sky, but when the night is not visible, the star looks like the night, and the star appears in the night?"" The king asked."
313,"Then, we will call the incremental variables."
314,"Now, go to 310 CURCT PUBLICATION FREQUENCY."
315,They are nearly there.
316,Every dead person has to be conscious of and to do what he has done for them.
317,Let’s start to look at both fingers with fists.
318,"And many of them, when they had seen it, would have despised it, because they were astonished at his doctrine."
319,"Keep the hands slightly apart from the thighs, the palms upwards."
320,Snake is taking care of the golims.
321,My soul is in hell; and my abode is in my abode.
322,Those two are ears.
323,"Plants, wind and inhalation are called complete yogic breaths."
324,"In this way, we can see the contents of our four types."
325,"Now, we are welcome to the Welcome page."
326,I will go to Sanskrit to study Sanskrá.
327,Right-click the Edit menu item.
328,"layer, e.g. ab (a<b)"
329,"Next, we will learn how to use Align and Distribute dialog box."
330,This output comes from the output you have come to a++ currency.
331,"Since the condition is true, the static statement executes the last thing. Then the loop stops again."
332,"Now, we know that two objects are selected."
333,It is also used for food items.
334,"Now, inside the name variable, we have changed the variable as final."
335,"Now I have all the curves in my brush. So, I close the folder here and I come back to the GIMP."
336,This command will enter an empty number of lines that you can see on the top side of the empty line and print the x.
337,Everyone understands the war.
338,We will now define the showDetails method and type it: public variable showDetails().
339,Click on add add add scope to add another color in it.
340,"But ye say, If I tell you, my brother shall rise again: and my mother and my brethren shall tell me the same hour."
341,And there was an high priest over all the house of God;
342,"We know that the variable, the method and the terminal of the class are formed."
343,"Sthiti: One who protects, protects, protects, and protects his property."
344,"For example, we will leave it in the center environment of it."
345,Sky (incarnational)
346,The boy heard the story.
347,Then Jesus sent forth his disciples into Galilee to preach the kingdom of God.
348,"And the kingdom of God is at no time brought by the mouth of men, but by the word of God, and by the preaching of the gospel:"
349,"I will type Palette, Arch H."
350,A dance is performed to demonstrate the complete complete completeness of animals and to complete the movement of the animals.
351,I will leave the Shipping copy empty.
352,We have already deleted this process from the request.
353,It opens the quiz for the date date and time.
354,We will now use the greater than or equal to operators.
355,You are different.
356,"Lastly, on the top of the Save changes, then click on the Design button."
357,Click on the Units drop-down list. We will learn to change it according to our requirement.
358,"When the people are logged in, they are done in the fields."
359,"He was shocked to see the place where he lived, it was very dark."
360,Soldiers fight in the battlefield.
361,The sight is very useful in improvement.
362,There are many forms of Pratyayama which are called Pranayama.
363,Click on the drop-down list and there are five options.
364,Do not select any other options.
365,And the second reason is that water flows according to the dead. If the area of the rain is less water and more water is required.
366,"Who then is he that maketh a death in the flesh, and not in the spirit?"
367,Type return 0; close the curly bracket at the end of the line.
368,Animals are divided into the following.
369,Mother eats food from day to day and night and gives food to those who eat.
370,The Spoken Tutorial Project is a part of the Talk to a Teacher project.
371,"Now, in the Terminal, type:"
372,"To optimize, select Auto Optimization Tool in the Tool bar."
373,"In the field text, these options are disabled."
374,"And it came to pass on the day, that Paul called unto him the chief priests and all the people, and said unto them, Men and brethren, I am not worthy of this man's work: but now I am ready, and that I may be delivered up into the hands of all the Romans."
375,"In the Screen mode, the colours are first multiplied by the first reverses and the above are stored."
376,I select the Scalee tool and save the aspect ratio ratio from the bottom to the window.
377,Boy displays compassion in them.
378,Krishna's devotion is not attained by chance.
379,An assignment:
380,The god is named as Rama's name.
381,"Among Mangalores, there are some prerequisites."
382,"In the Categories, select Java."
383,"I am Guru, this is a video of the Vedasara."
384,"But the other members of the bride also, whom I anointed with the Holy Ghost, see that they all may see my face in the darkness, and in the shadow of death, above all things that shall be done unto them."
385,"As we can see, this condition is produced by rotation."
386,We will see what happens if the value of n is 0.
387,"To be self-subverted,"
388,"To see the contents, select Start Date and End Date."
389,The whole world is a fire in the form of energy.
390,I will now scale the image.
391,The Create Table dialog opens.
392,Boy displays humility in you.
393,You all are at the centre?
394,But a static method can only be converted to access static variables.
395,"This is Vishnu, the knowledge of prayer and the help of the help that you can give to others."
396,"Here, it indicates that another ‘package instance’ is run."
397,We have seen a success handle on the image and a currency handle.
398,We will now learn how to create instance method and static method.
399,"For all these things were not done by him, that he should be astonished at his doctrine."
400,You can see the contents and the loop for here.
401,This brings us to the end of this world.
402,He only eats the fruit.
403,"From the Folder drop-down menu, select ‘Books toolbar’."
404,This is our header file stdio.h.
405,maxed
406,You are a country.
407,And that is not equal to 40.
408,Heliston Frontin: This is a red cow.
409,"Now this man is the sin of sin; he is the beginning of death, and of all that sin."
410,"But, if the GIMP is going to be used automatically, I will show you how to do this in the updated tutorials."
411,"The header file is studdio.h ""iostream""."
412,This is a chariot.
413,You two are teachers.
414,"Jacob took John, his brother, and Andrew, and others,"
415,The presence of a healthy body is more than a minute's time.
416,And I will type the Spoken Tutorial as STD-label and click on Save.
417,"And now I exhort you to speak with tongues, that ye may be filled with the spirit of grace, which is the word of God, and not of men."
418,Click on the Calculus course. Scroll down to see the contents of the course. Click on Enrolled Users.
419,"For God hath redeemed them from their sins, and hath redeemed their children from their old age:"
420,Do not create the main class but set the main Project.
421,Then click on the Edit error question button.
422,Among the temple there is devotion.
423,"In this tutorial, we will learn to customize Library OPAC and set Global System preferences."
424,"Next, we can see what the Status bar is."
425,"But unto them which are called, according to the will of God, I Jesus Christ our Saviour, and my kinsmen; to the blood of Jesus Christ, and to the grace of God which is given me for you, forasmuch as I am called: I thank you in the name of Jesus."
426,1. Whose name is Nutrition?
427,Yoga is the master of all the gods.
428,"For if they had not done so, they would not have had sin."
429,TERMINAL QUESTIONS
430,"From the drop-down, I will select Author (A-Z)."
431,One of the two drums is a place to live in.
432,"And thou shalt be with them that make war against Jesus Christ, and shalt reign with him."
433,"And they departed, and went to him, and said, Sirs, I go and kill you: why do ye wrong me? Why do ye not rather suffer yourselves to be defrauded?"
434,Your assignment should be:
435,Let us now use the command.
436,The Spoken Tutorial Project Team conducts workshops using these tutorials and gives certificates to those who pass an online test.
437,"function call by value,"
438,Asana Asana is lying down on your belly with the thumbs pointing upwards.
439,You can also open your own documents or embroidering your clothes.
440,This will override the scope of the tables.
441,Teacher will teach all.
442,"For God's word hath not failed, because it is come to pass. For all these things are not written in Israel."
443,System.out.println() will then increase n = n + 1;
444,Why doth God condemn the false? God forbid: for who maketh a resurrection from the dead?
445,Bend the needle at the top of the thread and move the needle under it to the bottom where the stitch is kept.
446,"And he put in his right hand two and two on the right, and on the left, and they laid the cross."
447,Who has hit the girl?
448,"And the Lord said unto Simon, Behold, thy brother is cast into the wilderness, and thou shalt do the will of the devil."
449,Change the line scope to 1.6.50.
450,"For then the mind of men is pure and understanding, and the heart of the man is pure:"
451,"To open the terminal, click on CTRL, Alt and T keys simultaneously."
452,We both must do.
453,The other code is same as switch.c.
454,The next function is the name of the interface synonyms or sanssis selection tool.
455,It is also necessary for us to be healthy in body and mind.
456,Bhishma goes to see the google.
457,E2000 has value of Employe ID and 10000 and the value of Employee Salary.
458,"And they had seen the things which were done, but had not seen them."
459,Now log out from your Database administrator.
460,This brings us to Sanskrit.
461,Describe the different types of Asanas.
462,"Sitting Asanas - contrary, sagasanas, Sthitihasana, Hamsasanasana, Tásana."
463,"If not, for relevant tutorials and HTML, please contact our website."
464,"Next line, type “else” and press Enter."
465,Those two are lawyers.
466,Anantikana: One who is required to have all the forms of nature.
467,Note that our file name is pointer_demo.cpp.
468,"Verily, verily, I say unto you, It is easier for a camel to go through the eye of a needle, than for a rich man to enter into the kingdom of God."
469,We are now in the dashboard of the Teacher.
470,"Now, in the Service before Tax field, I will select the Printer as 4000."
471,Note that another Java class is similar to that of Servlet.
472,We are using the word “this” in a constructor to give access to another person.
473,I will increase the size of the sliders and increase the grid point and the speed is slow.
474,My third wish is to supply me with self knowledge.
475,"For I take pleasure in infirmities, in reproaches, in necessities, in persecutions, in distresses for Christ's sake:"
476,We can open the Inkscape by double-clicking on the logo.
477,"I am not the Son of man, but the Father; and he gave me a servant, a righteous man, that I should not speak:"
478,Who was Kalidas?
479,"To do so, type the command in the terminal and press Enter. We have got the output."
480,"But if any man offend thee, let him do the same thing: for he is a chosen vessel unto God, not in spirit, neither in the body, but in the deed of Christ."
481,I will put the condition in the class.
482,Bhaksurvama: One who is the greatest warrior in the kingdom of Vishnu.
483,Cows are better than plastics.
484,This is an overview of the Spoken Tutorial project.
485,"To reverse the string, we have written the code, return.awk which is used to return the string function."
486,"And the kings of the earth, and the priests, and all that are in the temple, shewing a man that is not his work: for he was before God, and in the sight of his God."
487,Yoga is destroyed by the following six causes.
488,These are things which are used by the commands of the current file.
489,"And the Jews which were with Mary, and had spent all that she had, heard of her, and came and fell at Jesus' feet, and besought her, when they were with her."
490,"And, behold, a little while I saw him, and fell at his feet, and worshipped him, saying, I am not as the Son of man."
491,"The wrath of wrath shall cover the earth, and the work of the Lord shall be done to the day of wrath."
492,Useful:
493,"When you are angry or tired, calms your mind."
494,The story of the play should be very useful to us.
495,"There are some other Indian medicinal plants which you can place in your own houses, where you can build your own house, so that you can have some positive effect on your own home."
496,"else if static-response2 is true, the perforum action 2."
497,"In the spoken language of Makarana in English, we can also say a curdlepjoja."
498,Pull the carbon to the left.
499,What made Rama so sure of the power of Sugriva?
500,Boy displays regard in you.
501,This brings us to the market.
502,We have to de-select the method of Move() and modify it.
503,"And it came to pass, that on the next day, when they were come together, they heard that it was said unto them of old."
504,You both played.
505,Observe the result. The original sequence of indices is returned.
506,Observe a small angle on the left hand side.
507,"Let us summarize. In this tutorial, we learnt about:"
508,The commands are used in a number of different ways or in a different way and they are replaced by the white space.
509,"To set the user accounts,"
510,* It looks like one or more of the previously painted colour.
511,Locate variables and static variables.
512,"And Peter answered and said unto them, I will shew you a parable."
513,"One of the great powers of Vishnu, he is the Lord of all the worlds, the Lord Lord of the worlds with power and power."
514,"And the Lord said unto him, Why do ye eat and drink with the cup of the Lord, that the Lord hath prepared for his household, and them which sit at meat with him?"
515,Sthiti: One who controls everything.
516,The arrows are to move the border to the top or bottom. This is a menu and a gear icon named as settings. It is shown by the drop-on arrow.
517,"And he answered and said unto them that stood by, We have no fear: but now send all the kindreds of the Gentiles away."
518,Do not defile the sky and the air.
519,"If any of the fields were to be guessed, then click on the Help icon to get familiar with them."
520,This comes in and has opened the door of development of many kinds of organisms.
521,Asanas have been classified by the following type.
522,Pranayama is the name of the hash.
523,"In the state of relaxation, go through the stage of relaxation and feel the vibrations in the body."
524,"To add these nodes, we will learn to edit them."
525,Pandavadhana’s problem was brought to Sri Krishna.
526,I will leave it as 1.
527,Sri Krishna placed Arjuna in between the two armies.
528,This is usually called as Isoprene.
529,You both must have heard the story.
530,Those are smiles.
531,"Go to the Tool bar, click on the Applet button."
532,I will select the First image by clicking on the top right corner of the layer.
533,"Then, using the reverse compilation of the sequence object, print the reverse components using the built-in method."
534,You can also create and use tabs according to your equation.
535,Click on Fill in curves button. This will help you to see the correct answer for the question.
536,"For we are fellow workers for your sakes, that no man should glory in Christ."
537,"But where neither moth nor rust doth corrupt, and where thieves break through and steal: for theirs is the kingdom of heaven."
538,We have the minus c option.
539,Boy displays love in that.
540,"Knowing this first, that ye have put off the old personality which conformeth to your own lust."
541,"And the sun rose, and the moon came, to give her light: for it was the glory of God: and the woman was the light of God."
542,"By the time of exhalation, OBJECTIVES exhalations increase in size, exhaling, excretion and exhale."
543,"If we do not have any image for the logo, then the show name is also used as a logo. We will leave it as it is."
544,"And he went out, and walked about in the midst of four hundred and fifty years."
545,Boy displays regard in these.
546,And the sabbath day was nigh at hand.
547,"Now, let us display the static variables with an example."
548,Bhagavadhanah: One who is eternal incarnation or attachment to it.
549,"Ending the eye organs, it increases the concentration and concentration of eyes."
550,We have defined a constructor with two parameters.
551,It helps to increase blood pressure and to control heart related to heart disease.
552,"So, type: piblic weight showData() and type the following code in the within brackets and prints the number of id, name, brush and name."
553,Sit erect on the base of the practice.
554,Sita also slept on Rajasthan.
555,Let us now initialize these fields of second object.
556,6.5 new plants ?
557,What is the cooler layer?
558,Let’s go back to the creatingServlet dot java.
559,I have told you that water is kept in the sun.
560,"Next, we will create a database for FrontAccounting."
561,"Note that we have not initialized the x value as it is. Awk, x is initialized to zero values."
562,"Verily, verily, I say unto you, He that cometh is faithful; and he shall do the same."
563,"So, let me open it."
564,You all know the dress.
565,I will arrange the opacity sliders in the image as far as I can and set the opacity bar to the image.
566,The client’s license can be assigned to the individual Cells.
567,Tony was on the top of ‘J’.
568,He is not a soldier.
569,"For we have forgiven all our sins, and have mercy on you, and on you our sins. But forgive us our trespasses, and cleanse us from all sin."
570,Let us start with the introduction to String.
571,You can also check the check-box that the subcategories are used to pull these options.
572,The Spoken Tutorial Team conducts workshops using spoken tutorials and gives certificates to those who pass an online test.
573,This is a state of release or peace from all thoughts.
574,Here is a program.
575,These are windows which are displayed in the Vedas.
576,Write the point for cleansing goshala.
577,"And he put them in his hand, and touched him, and departed out of his place."
578,4. a white layer of the seeds is released from the root of the stem.
579,"To create and remove data, change, and finally"
580,"Stand fast therefore in the good works of the Lord, that the heart of the prophets might be established with grace."
581,The std is a name space where the entire standard C++ library is declared. Now press Enter.
582,Look at the details here.
583,You must be at peace.
584,These are vessels.
585,Flowers and flowers are available in different parts of the earth.
586,Type the file name as Welcome.
587,"Similarly, we can embed the Students for course."
588,What are you eating?
589,The quality of the sky is the words.
590,Click on the Add button at the bottom of the rectangle.
591,Then click on the Enter key button at the bottom of the window.
592,"Do not include the table environment as follows, so do not add it to it. Add it to them."
593,And the Converted profile is also visible.
594,Create a class named Welcome.
595,There are two types of connectedment.
596,We also learnt how to use layers.
597,You may get an SMS.
598,"In that case, we will learn to parse data files in the Output module."
599,You can see that the image is different now. I will reduce the opacity to 50%.
600,Sometimes in normal conditions come in breathing.
601,He will return to his mother-in-law.
602,You will see another value in your interface.
603,Zoom and click on the star once.
604,"However, the time should be different from time to time."
605,Dhee smells milk.
606,The main is a unique function.
607,"However, the date can be edited."
608,This will send the same message to all students.
609,"After reading this lesson, you will be able to:"
610,"In the Password text-box, enter your own password."
611,"In that case, the recording software will be created."
612,This is a yogic.
613,"In this tutorial, we have learnt how to use the following tutorials using local currency."
614,"I have also done this in addition to 800/100 pixels, less than 640/48 pixels and so on, I am working on the Applet TV."
615,Boy displays fondness in these.
616,Save the cow and release it.
617,"Also, it gives protection to those who pass an online test of self-subsistencies, seeuses, Tranjales, or other evils."
618,"For this is the gain of fame and power, and of power, disease, disease and disease and also of disease."
619,It is recommended that the package be updated.
620,All the sounds of colours are formed in black.
621,These are two types of people.
622,The success of the king is not determined.
623,"Before proceeding for FrontAccounting interface, start XAMPP services."
624,This statement will print the address of the variable num.
625,You all sit.
626,"Verily, verily, I say unto you, He that believeth on me, he shall also do the works which I do, and he shall come unto me."
627,"And whosoever shall put away his garment, and kill him, he shall not leave his garment put on him, neither shall he go in also."
628,Student knew math.
629,"It is believed that Indian science is based on science, whether shlokas or Krishna."
630,Moodle 3.3 and Firefox web browser. You may also use any web browser you can use.
631,Plants are found in the soil in their own soil.
632,This file is saved in your home folder as HIV_geneq.fasta. Press Enter.
633,You all may speak.
634,The mind is full of self- control and the mind is the source of the spirit.
635,You all must speak.
636,"Knowledge, meditation, music and Kalia Pratyayama can be manifested with determination."
637,"For he said, I tell you the truth. Is it lawful for you to enter into bondage?"
638,"Now, let us see how to execute the same program in C++."
639,Click on the GL Accounts link on the Maintenance panel.
640,"For God hath raised up the Spirit of his own Son, that whosoever believeth in him should not perish, but have everlasting life."
641,"To record this tutorial, I am using: Ubuntu 11.10 OS"
642,I will name the account Balance.
643,Set the default location as home folder.
644,"And they saw the linen cloth, and the linen clothes that were in the house of the Lord."
645,"To follow this tutorial, you should have knowledge of the library."
646,"And Jesus, being baptized with the baptism of repentance and remission of sins, hath he made this commandment in the hands of the wicked."
647,Sanskrit salts
648,Maharhirahah: One who is Vedic in Vedas.
649,This was a place where they all met.
650,Observe the presence of each circle before the growth.
651,"To receive books and sounds, contact your center user."
652,"We will learn how to create a group, send messages and notifications in the course."
653,"The honey butter, yellow, butter, fungi is also known as insecticides."
654,The appropriate ‘Bajra’ is also practiced with the names of the Sun God.
655,This opens up the File Browser window.
656,TERMINAL AND Sthiti questions are answered in the following tutorials.
657,Click on Show Layer Mask.
658,Trataka is the practice of focusing on a certain topic.
659,Duryodhana is used in water in the garden.
660,You may use and use a line.
661,FrontAccounting interface opens up.
662,"But for relevant users, we should not be able to use teachers and experts."
663,"In this tutorial, we will learn about various forms of function. They are:"
664,"There are many varieties of plants in the time of creation, but they are called in the form of nature."
665,When shall I begin to see your own shame? Or when shall I go away naked?
666,The first data is in the zero index.
667,Click Edit at the Main bar and then click on Preferences.
668,Make sure that you have completed this tutorial before proceeding.
669,"For I say unto you, That this day, even in this time, we shall be with you, and ye shall come."
670,"To save the index, press Ctrl S and run this program."
671,"Now there was a certain man named Joseph in the village that is in Cana of Galilee; and Philip called Barsabas, who was surnamed Justus, and Matthias."
672,Let us now change it to ‘enmeritrate’.
673,"And Jesus answering said unto them, Take heed, and say unto them in your hearts: what think ye?"
674,"The law is that the law is there in your brother-in-law, who is worthy of the kingdom of your father and mother, but by the abundance of your grace you are made rich through the grace of God."
675,y: The movement of the breath helps in normal movement and the breathing helps in constant functioning.
676,New water is used
677,"In this tutorial, I am going to discuss some of its features and features."
678,"Then Jesus took him, and wrapped him in swaddling clothes, and set him on his face, and departed again from him."
679,"For this is his commandment, that, when they were come, they might receive greater honour than John: and his name is great, and his righteousness is in Christ Jesus."
680,He goes to the bottom of the abdomen.
681,"Here is an assignment for you: In Mathematics, add a new subclass of 2nd Year Maths and remove any of the categories named Miscellaneous."
682,Exhale. Keep the head erect and place it on the ground.
683,Make sure to keep the neck aligned to the back.
684,The root is enough here.
685,Come back to our terminal.
686,Move the mouse to the bottom of the box and place it in place.
687,And there are some common errors which are available in this tutorial.
688,"Type: ""cd space slash user slash bin""."
689,"Jesus saith unto her, Simon, son of Jonas, lovest thou me more than these? He saith unto him, Yea, Lord; thou knowest that I love thee. He saith, Feed my sheep."
690,"I go to File, click on Save as and expand extension ‘tif’ and change jpg to ‘jpg’."
691,Why is cleanliness important for humans? Write four reasons.
692,ii. You have got to clear up.
693,I will come through different thinkings.
694,The second came out of the Jakshala.
695,Boy displays trust in you.
696,I will add a single and then explain it.
697,Paternal grandfather was imprisoned in Krishna’s name.
698,Fold the right leg with the knees and sit on the heels.
699,"And when he had put all things in remembrance, he stretched forth his hand, and touched him, and took care of him: and the hand of every one that was on him was as it had been with him."
700,"And Jesus answered and said unto them, Verily, verily, I say unto you, I am not the Christ, but John the Baptist."
701,This is a day information which will provide useful information on your system.
702,"Here, we execute the query to delete it from the entry Checkout table."
703,"The chief seats in the synagogues, and the chief seats at the chief priests and scribes are at feasts:"
704,"If we want to search for multiple files and corresponding to a directory, what can we do?"
705,She does not receive a reward.
706,She works more flowers like these.
707,Maricysana Sthiti:Dásana
708,"He that is not of them is earthly, but of them that are written in the law of God."
709,Child has respect in me.
710,Click on Create a new question button and click on the Sort arrow option twice.
711,The selections are displayed in blue.
712,You can see that the changes of living things change and changes the development of organisms.
713,"We have given you an example, that ye should not see your work, to the end that ye might be established; not in vain, but in the power of our Lord Jesus Christ."
714,Food is important for social values.
715,I will not pass through the new covenant to you. I will never come back again.
716,"Similarly, the drop-down will begin. Click on the Save File button and click on OK button."
717,"But we are made manifest by the wisdom of God, that we should walk according to the wisdom that is in the world, and not by the knowledge of God:"
718,This success message is displayed.
719,"For if we would eat and drink with the people, we shall not be partakers of the blood of the prophets."
720,You both must believe.
721,"Calculator, Text Editor, Terminal, Firefox web browser, Video browser and Library of Office Switch and Home folder."
722,Notice that the response.jsp file in the project window appears below the index.jSp file. jsp.
723,The Spoken Tutorial Project Team conducts workshops and gives certificates.
724,3. What are the ingredients of urine?
725,"Here, I will enter the value of b again."
726,The article has been contributed by Priya Sumaja.
727,Compile as before.
728,"So, here you can use the 'floker' or the 'Fager' to duplicate it. You can also use the frame to create a frame."
729,Focus on the inhalation or Pranayama.
730,Practice bar and slowly fill in the body.
731,Boys heard the story.
732,Some of these are harmful and harmful.
733,It is possible to type ‘centering’ in the box.
734,"And when they were there many days, they departed, and went into the castle: and a centurion came unto him, and bound him."
735,"It is made of an assana, steel, anisiiumiumium etc."
736,Boy displays fondness in those.
737,"When a person goes to his next meal, he is asked to search for food."
738,"Without knowledge of the subject matter, the Geetasanas suffered from ignorance."
739,Sthiti: One who is the protector of the Lotus.
740,"For this is my commandment, that the law of life should not depart from Christ Jesus."
741,Slowly raise your hands (if possible) and raise your thumbs up. You can pull this toes.
742,I will remove all the details provided for my proxy.
743,Priest spoke in memory of the battle.
744,I am Guru! This is a common increase. Gopal answer.
745,Click on the Accountive button for your admin password.
746,Let me now declare a string now.
747,Let us now change the opacity of the bow.
748,"Now, we will call the method in the main method."
749,Type grep space minus i space within double quotes space like interface space greimp.txt
750,"If not, for relevant tutorials, please visit our website which is as shown."
751,Locate the next 30Mb and click on Open.
752,Step 4.4 Colourandon
753,The error indicates that we have assigned the implementation to the Animal interface.
754,"But if any man have faith in me, and I speak in him, he shall also do the least good, and thou shalt be my disciple."
755,"And Judas Iscariot, which was the son of Zebedee's children, came unto him, and saith, I am the Son of David."
756,"In this case, we have set the Save File to complete the File name."
757,Canon't do anything.
758,"But Paul answered, I have confidence in thee, that, before thy coming, I may know the certainty of those things, and not that they which are of the Jews."
759,"And the people stood there, and shewed him that they were the rulers of this world, and that they should take refuge in him: and they were redeemed from among themselves, being reconciled to God."
760,They were in the country.
761,Vetha: The following features are:
762,We can also change the size and rotation of the star using other handles.
763,Course category is set by editor.
764,"Now, type: ls space -l space example1 and press Enter."
765,Some areas of the area are visible. Click on the 3nd triangle and drag it over the canvas and remove the layer mask from the canvas.
766,Arch the fingers together and the head doing this.
767,"If any man have done this, he shall also do the same: if any man wash his hands, he will be clean also."
768,"For as the body without the spirit is dead, so also Christ is Christ's."
769,This is created by creating a decretion of decorretion and de-selecting a scope.
770,Benefits of Pranayama
771,"It is believed that in the coming of Sitavas, the needle is used in the outer part of the fabric."
772,"The teams are attracted by insects and insects, and the pelvic plants go to the ladies and fruits of the mother's milk."
773,"And he said unto them, Verily, verily, I say unto you, I am he."
774,"After doing this, you will be able to complete your own picture and make it a pleasure to do so."
775,"Now, let's start studying this tutorial."
776,We can see that the home page of the Glassfish Server is now visible.
777,Move the mouse to get the hyphen address details.
778,I have now come to the end of this series of colours.
779,I will use the CD modifier layer.
780,"And through the blood of the Lamb, and in the blood, and through the forgiveness of sins, and by the consolation wherewith he was comforted, and unto his life was made perfect."
781,Let us run the code. Run the control.
782,Place your palms on the ground legs.
783,I will now get the image as you press the Scalee.
784,"If the default option is not selected, select Default for Calculus."
785,11 and Raju moved to the constructor. So it is.
786,"Now, click on the next line in our field."
787,Then continue the lesson.
788,Boys want food.
789,“The age should be a positive integer.”
790,"In this case, it is shown by zero because it is less than half of the use of it."
791,And the seven angels which had the seven vials full of the wrath of God.
792,I have good marks.
793,We will now learn how to use this keyword.
794,I know the book.
795,The Spoken Tutorial Project team conducts workshops based on these tutorials.
796,"And when they had found him, they took him, and delivered him to them that were in Antioch."
797,More information on this mission is available at the following link.
798,"And said, Why teachest thou not thyself? or why dost thou preach the gospel of the kingdom of God?"
799,General menu has two sliders named Quiz and Fog.
800,Please do not ask for non-editable questions. This is not possible and it is not.
801,"And if they say no, they have no root, but again: and the power of God is able also to raise them up."
802,Click on Save.
803,"And it came to pass, that on the next day, when John was come, he took up the money; and wrapped it in a linen cloth, and put it in his right hand."
804,It helps in creating different quizs for each year or even for each selected year.
805,"In a sequence, it shows the 'PID' of the shell that exists."
806,1. asana helps in development.
807,"If so, please refresh it after some time."
808,I wrote a Sanskrit song.
809,"Asanasanas, Suktasana"
810,Here is the ABC file with XYZ.
811,"This is because if you change the method function, you can override it."
812,"Each has its own taste, fruits, and characteristics."
813,Now type the password and click on the login.
814,"Now, let us look at the URL."
815,I will copy a copy of the original on the background layer.
816,"Here, the first step is to create a sequence record object."
817,He received divine support.
818,The ancient Indians know the disease of Dhyana.
819,"For the fruit of the spirit is in the law of righteousness, and not of blood, but of the will of the law."
820,"Again, click on the Account Description drop-down box and select Capital option."
821,"If the errorMsgs list is not empty, we display the errorGsp in the add user dot jsp."
822,Now click on Save.
823,"What shall we do, that we should work the works of our father Abraham?"
824,Notice that we are only using default keyword.
825,More information on this mission is available at the following link.
826,again Antiasing is available in the soft region.
827,"In this page, ‘tag’ number 010 is not visible."
828,Right-click on the Sample.ja file in the Projects window.
829,We will learn to access the Bank account.
830,Child has trust in you all.
831,Let's use the 'convert' key to start a readable variable.
832,"To record this tutorial, I am using: Ubuntu Linux OS 16.04 and Koha version 16.05"
833,"For every high priest doth offer for sins one day, and not for the least of these, to offer for sin, but for the remission of sins:"
834,"And he said unto them, If a man cast forth his hand, and take it, then shall the kingdom of God be left?"
835,Click on the Go to revert page.
836,"And he said unto them, Go thy way: behold, this man cometh quickly, and findeth him, and saith, Master, what shall I do to you? bring him unto me."
837,"If you do not have an error message, you should know that Biopeth is installed."
838,Then go to the tab 245 TITLE STATEMENT:
839,"But not the grace of God which is in you, that ye should eat, neither with the sun, nor with the moon, but with the stars; that ye might serve the Lord without distraction."
840,"By this we know that we originate with the truth, and shall assure our hearts before him that he sitteth upon the face of the Lord."
841,"And now I have a bit darker here and I think this is too white. So, I pull this up."
842,"And it came to pass, that on the next day, when they were come into the villages, much people knew it: and many knew him, and went their way, and sat down with Jesus."
843,"Sometimes, the local file does not display an orbital details."
844,Press Enter as Spoken Tutorial.
845,"When you type, check the Correctness field and check if you are typing. This will show you the correctness of typing."
846,"Now, let's see the laptop."
847,Move the back to the right and left directions of the object and the right direction of rotation.
848,Scroll down and click on Save changes button.
849,"Medhatha: One who bestows kindness and glory on me and on me, please rejoice. Come back to our side."
850,It is prepared by nature.
851,"Any changes are not visible. So, change the condition to change."
852,"Now, destroy the format specifier."
853,People speak the sanskrit with their tongues.
854,Sthiti: One who is the master of Yagya.
855,"Click on Save. First, we will change the header file to <iostream>."
856,Boy displays friendship in them.
857,The code is written in the awk BEGIN section.
858,"In the course page, Forum name is a link."
859,"We will add another block. On the left hand side, click on Add a block menu."
860,"So, this will show the Journal field as 0.1. I will leave it to 0.5."
861,Supine Supta: One who is extremely beautiful.
862,"To add a DNA, go to the Build menu and click on DNA/RNA in the all menu."
863,Notice that various tabs are displayed in the Preferences window.
864,"Settings for Veining record,"
865,Please see the use of these two commands automatically.
866,What are you playing music?
867,enload-loading details:
868,"Your hand can rest on the head, but it is important to note that the hand does not touch the head."
869,"Let us summarize. In this tutorial, we have learnt how to use this tutorial."
870,"If not, then no error will be added with login or algorithm."
871,The same is true of the scriptures working on workshops.
872,"And, behold, there came a great wind, which blew, and beat upon that mountain; and a great calm was on them: and they were filled with water, and were in sight as it had been given unto them."
873,"When you type, you will also learn how to type a different screen for each of you."
874,"In Moodle, there are no plug-ins for teacher and site administrators."
875,We get the output as We have already run a java program.
876,If two answers are answered then the student gets 1 and the students get a perfect line.
877,What flower?
878,Bhagavas - Most of them are used for cooking.
879,Dialogs settings dialog box opens. Move the sliders to correct the opacity.
880,"And the whole multitude of them arose, and led Jesus through the midst of them, and besought him, saying, If we have the whole Spirit, we shall pray thee."
881,Fill in the blanks below.
882,Let us login using username Bella and its password.
883,Fill in your chest and place the head above the elbows.
884,This URL is based on the 'iss-ad' number and the name of the domain when it is installed.
885,It is reordered to 90 Degrees.
886,Click on the home folder.
887,"But woe unto you, little children, and to them that give suck, in those days! for ye shall be filled."
888,You can right-click on the control node and access it.
889,Bhagavas are also a name of Shiva.
890,One of the five types of soil soil is found in the form of a plant called nutrient.
891,"For God hath not given us the spirit of wrath, but the grace of our Lord Jesus Christ, and the gift of eternal life."
892,"And he asked them, and said, What think ye of these two?"
893,The next one is not to be accepted by the worker.
894,He is a man who manifests himself in a very good way. He is born and produced in the form of body.
895,Arjuna is here.
896,May the God of peace himself fill you with all joy.
897,"Now, go to the Firefox window."
898,"And the chief priests and scribes fell down at his feet, giving him glory."
899,You have to finish the concept of this figure and this direction. We have come to the end of this document.
900,"And they laid hold on him, and set him in the judgment seat."
901,Boy will wear new clothes.
902,This circle is filled with 365 days.
903,"Notice that the cursors are displayed for that which are sent to them. Addmin, Course currency, Manager etc."
904,Ramalam searched for Sita for a long distance but he could not find Sita.
905,Food is essential for our body.
906,The process of adding is very important.
907,3. Nasika - a number of different types of nasal messages are found in our mind.
908,Soldiers take refuge.
909,"So, I select a red colour from the background colour. So, where is this here?"
910,The Spoken Tutorial Team conducts workshops using spoken tutorials.
911,The objective of this practice is to identify the three different parts of breath and include the entire Yogasana.
912,This brings us to the end of this tutorial.
913,These options are because there are two other keyword applications.
914,We have installed XAMPP server successfully.
915,Energize pressure in your eyes.
916,He that is in the child is not subject to the righteousness of God.
917,"And they departed, and went through the midst of him, and took care of him that they should eat."
918,Mouth kills his family.
919,"In private,"
920,Exhale and bring the right leg forward to the top right leg and touch the mother with the upper body toes as in step 2.
921,Let us go back to the terminal. Let me clear the prompt.
922,"Here is the first field to dollar 1 which represents roll number, the value dollar 6 is selected by zrot. Dollx is the value of the stipend."
923,Students saw the drama.
924,"To do so, go to the top right corner and click on Spoken Tutorial library. From the drop-down, click on Log out."
925,"I beseech you therefore, brethren, to enter into the kingdom of God, and to abstain from blood, and from blood: for I am become a people for your sakes."
926,I will leave them empty.
927,INTEXT QUESTIONS 8.3
928,"( hash) space, opening angle bracket, closing angle angle bracket."
929,"So, I go to Filters >>,ance >> Shrepon."
930,"To stop auto optimization, click on Stop."
931,3. Vibhuti:
932,The Spoken Tutorial Project is a part of the Talk to a Teacher project.
933,This is the information for the directory to be used for the current directory.
934,Observe that the file is successfully imported through the 'eps' format.
935,I now want to go through the selection of brushes to paint and paint.
936,Naikama: One who has many mothers.
937,I Jesus Christ our Lord.
938,You are a teacher.
939,"Next, the option that is ‘Birthday’ is imported."
940,"And Jesus answered and said unto them, No man can come to his own country, neither to his parents, nor to his brethren, but to his kinsfolk, and to his friends."
941,"And I saw another sign in the midst of them, saying, I have seen it, and behold, a great city, which hath the name of our Lord Jesus, which is called in the month of his death: and great multitudes have heard it."
942,iv. Pranayama
943,"With the Cropping of the image, we have come to the end of this tutorial on how to do this in the image."
944,Go to the terminal and empty it.
945,We will now learn about the main function coming to the slides.
946,"Devotees are affected by happiness, prosperity, peace and knowledge."
947,"For it is required in stewards, that a man be found faithful in that which is least, and that they all be reconciled to God."
948,"Behold, the work of men is not wrought by the works of God, but by the resurrection from the dead."
949,"And Paul having taken his leave of them, went to Jerusalem, and preached the word in the synagogues, and shewed him the truth."
950,The output shows the GC content preferences.
951,That was a little darker.
952,Note that all the C files “.c” (dot C) exceptions are available.
953,Sthiti: One who is the most important of all.
954,"So, I select the Clone tool and change the size of the Brush."
955,"For the knowledge of God is that which was revealed in heaven by Jesus Christ, that the angels of God should first come in all things, and in him:"
956,Link address: This is a small tree which increases 6 meter and 10-12.
957,"In the output, we can see the Hello Space World."
958,"In the prompt, type: Date space plus percentage symbol and press Enter."
959,"And when the Lord had mercy on the family of Joseph, he took it again: and I returned again to Damascus."
960,Browse the folder path at the bottom.
961,The type of Ubuntu Linux OS has multiple privileges or decretion.
962,"In the opening new window, go to your current user window. I will type your folder as front."
963,"In this case, a message appears at the top of the line, “ Journal entry has been entered”"
964,To find the size of the atom.
965,"For we have no man's blood, but of the new covenant, that we should be saved; and death shall be no more, but the third day that we are alive into the world."
966,The field field data will look like 2.
967,"It works in Linux, Maximum OS and in Windows."
968,---Add the audio @02:32 from the tutorial of FrontAccounting on the window 0:10 to:30-
969,The following are famously known for their self-medication and also for their well-being.
970,"Behold, I give you authority to all men, and to all kindreds and tongues, and even to all the peoples of the earth, that they may hurt you."
971,Fill in the breath without any pressure. This breathing should be completely filled.
972,"And if a man look for his father, and mother, and children, and they say unto them, What have ye read?"
973,"And the angel answered and said, How can I say, That I am old and gray?"
974,"So, only the changes are done here."
975,"If the students wish for their own status, fill in the fields in this section."
976,"In the Home page, click on Cataloging."
977,'while' loop
978,The output of ls command works in the input of a wc command.
979,"To connect to the computer,"
980,"And these are they which are sown among thorns; such as have they found in the earth: and as for the beast that ascendeth out of the sea, even so for the life of the earth."
981,"If all the conditions are false, then the last section will be executed."
982,Select MMFF94 Force Field and click on Start button.
983,Pratyayama: One who is the founder of all organisms.
984,"A file has a name, one of righteousness, or other of the administrators of this type will be converted to the creation of a file."
985,The English word - touch-type-hasa is the quality of the raga.
986,"Creating Geometricals and the Netbeans of Geometric and Netbes – In this tutorial, we have learnt about these topics."
987,This is done by the heat of Jantaro.
988,Nasika stood there in the nose.
989,"In the 'Bcc', stlibreoffice@gmail.com and info@spoken-tutorial.org"
990,"Here, the first field is roll number and the second field is stipend."
991,how to add and remove all the blocks which are added to the Launchers in Admins in Dash dashboard.
992,"Many Indians give protection, protection, and protection for their own well-being."
993,"Among these are Jesus Christ, who hath entered into the world through his death, and hath passed through the name of the Lord Jesus."
994,"Exhale deeply, exhale out deeply."
995,"And it came to pass at the first, that, when he had lifted up his eyes, he said unto him, Verily I say unto thee, I have committed this to my father, and mother, and children, and sisters, and sons."
996,The patient thanked the patient for the disease.
997,"And Nathanael answered and said unto them, Is any man born of Nazareth? Philip findeth him, and saith, Behold him."
998,"In this way, I will pull the tool box up. This is here."
999,"The list of resources is used for editing, history, duplicate and delete. The details are provided for these details."
1000,I have spread a part of the body around me and observe the presence of the eyes and the whole body.
