orig_idx,copy_idx,op,edge,graph,wl_hash,survived
168,0,remove,"(2, 3)",Graph with 11 nodes and 11 edges,"[-2833592210217107609, -2833592210217107609, 1095400018947130494, 1095400018947130494, 4730508320890022255, 4730508320890022255, 6049371413431246738, 7818287495058871779, 7818287495058871779, 8737322159664439054, 8737322159664439054]",False
168,1,remove,"(3, 4)",Graph with 11 nodes and 11 edges,"[-5655487619113369244, -4532089325682668543, -4442436774603531593, -1264232245215168959, -1264232245215168959, -1064155194330997013, -1064155194330997013, 3888600661870277735, 6203148829398960659, 8217097154021671077, 8989951003062896018]",False
168,2,add,"(2, 10)",Graph with 11 nodes and 13 edges,"[-9084523967471805468, -7829763001994255846, -7576242544090430130, -7168337885581130871, -6693822139032745256, -5921170977449498263, -4580070354161232256, 5645783355323116753, 6107877316008389245, 6208549434035010928, 8153998506498037622]",False
168,3,remove,"(3, 4)",Graph with 11 nodes and 11 edges,"[-5655487619113369244, -4532089325682668543, -4442436774603531593, -1264232245215168959, -1264232245215168959, -1064155194330997013, -1064155194330997013, 3888600661870277735, 6203148829398960659, 8217097154021671077, 8989951003062896018]",False
168,4,remove,"(0, 5)",Graph with 11 nodes and 11 edges,"[-5569197950860920689, -3710699879434823076, -3383026197192233568, -3383026197192233568, -2961808375115896789, 553550956806924226, 633161570720612568, 992608384574677190, 2106547447641012776, 5105644003161033081, 9140660393398875745]",False
168,5,remove,"(0, 9)",Graph with 11 nodes and 11 edges,"[-7566237654077590226, -5338698541921223034, -5327859909840434727, -5091834199756052004, -4541578228234635718, -4219611345236635983, -2317162917119741616, 965530347969510554, 3827235351579725338, 5802676377761527462, 8421302113028926649]",False
168,6,remove,"(0, 5)",Graph with 11 nodes and 11 edges,"[-5569197950860920689, -3710699879434823076, -3383026197192233568, -3383026197192233568, -2961808375115896789, 553550956806924226, 633161570720612568, 992608384574677190, 2106547447641012776, 5105644003161033081, 9140660393398875745]",False
168,7,remove,"(3, 4)",Graph with 11 nodes and 11 edges,"[-5655487619113369244, -4532089325682668543, -4442436774603531593, -1264232245215168959, -1264232245215168959, -1064155194330997013, -1064155194330997013, 3888600661870277735, 6203148829398960659, 8217097154021671077, 8989951003062896018]",False
168,8,remove,"(3, 4)",Graph with 11 nodes and 11 edges,"[-5655487619113369244, -4532089325682668543, -4442436774603531593, -1264232245215168959, -1264232245215168959, -1064155194330997013, -1064155194330997013, 3888600661870277735, 6203148829398960659, 8217097154021671077, 8989951003062896018]",False
168,9,remove,"(0, 9)",Graph with 11 nodes and 11 edges,"[-7566237654077590226, -5338698541921223034, -5327859909840434727, -5091834199756052004, -4541578228234635718, -4219611345236635983, -2317162917119741616, 965530347969510554, 3827235351579725338, 5802676377761527462, 8421302113028926649]",False
169,0,remove,"(0, 1)",Graph with 11 nodes and 11 edges,"[-9155992331021361214, -9043066184420273856, -5681548398685153394, 1551062638310124101, 1798697280219362366, 2536627264874933604, 3961280004613138895, 4156381009800093954, 4916869937601973177, 5802676377761527462, 7426939823805853464]",False
169,1,add,"(7, 9)",Graph with 11 nodes and 13 edges,"[-6623877740142994070, -4522610165784119932, -2676029562899749315, -2202144508899777368, -1520718776248182122, -1177908115950637552, 227566675723548405, 1017693408786316233, 2934569614140604760, 7769644541083042452, 7907452483086109794]",False
169,2,remove,"(2, 4)",Graph with 11 nodes and 11 edges,"[-2833592210217107609, -2833592210217107609, 1095400018947130494, 1095400018947130494, 4730508320890022255, 4730508320890022255, 6049371413431246738, 7818287495058871779, 7818287495058871779, 8737322159664439054, 8737322159664439054]",False
169,3,remove,"(4, 8)",Graph with 11 nodes and 11 edges,"[-8100148584582684934, -7447063031056350225, -7115581954690358426, -2981529326071555503, -2711980578275861694, 1582736739374220924, 2172119171537342956, 2749958209699628065, 5110236808600673350, 5721411797192157575, 8387559354983859640]",False
169,4,remove,"(1, 3)",Graph with 11 nodes and 11 edges,"[-8562421015608249259, -6998272437669396894, -6063845773015124455, -4117224930171580352, -2632856848834362043, -2086427605344805486, -2086427605344805486, 107534970367687133, 3397181683829450405, 6975040000549275773, 7097752876669168401]",False
169,5,add,"(4, 6)",Graph with 11 nodes and 13 edges,"[-9152958327261967161, -8218644027531081631, -5319249667770464067, -5210036202233043773, -5191542533392066056, -5051589721450437856, -1774266610147464724, -1320807470543052960, 4166235646647440252, 4217681501138348923, 5687196898247672074]",False
169,6,add,"(2, 10)",Graph with 11 nodes and 13 edges,"[-7993003067076809788, -7215493752915039228, -7076888378625372014, -5186175410166461681, -4958857856433027247, -3264902503162954748, -2944880989240660906, -2887358402685166488, -519174959229106222, 4489638907447270818, 8272931408473878606]",False
169,7,add,"(1, 6)",Graph with 11 nodes and 13 edges,"[-9154627468295270222, -7981152666257155505, 801654610524553241, 1937590247526437360, 5697422187308062287, 5736424029829828887, 6857808687155615903, 7380102595710357099, 7665550314364893454, 8378997901419009396, 8537581066397990421]",False
169,8,add,"(2, 6)",Graph with 11 nodes and 13 edges,"[-6676153367787453926, -6464009812918968562, -5352610331927820937, -1793381743743118543, -1320052502579796061, 3149456940879242952, 3225228571302730876, 4524824025848984765, 5062160568655782092, 5618130184236848785, 9139447092381433737]",False
169,9,add,"(6, 9)",Graph with 11 nodes and 13 edges,"[-9197475757652437887, -6984090779827573321, -6310526600011578405, -4778713390581104957, -3853413080263655786, -1911690229264492625, 2967462366179376027, 4754092091901249524, 4905499700035177589, 5097675014250978409, 6711014241891984254]",False
225,0,remove,"(4, 9)",Graph with 11 nodes and 11 edges,"[-8562421015608249259, -6998272437669396894, -6063845773015124455, -4117224930171580352, -2632856848834362043, -2086427605344805486, -2086427605344805486, 107534970367687133, 3397181683829450405, 6975040000549275773, 7097752876669168401]",False
225,1,remove,"(3, 4)",Graph with 11 nodes and 11 edges,"[-5655487619113369244, -4532089325682668543, -4442436774603531593, -1264232245215168959, -1264232245215168959, -1064155194330997013, -1064155194330997013, 3888600661870277735, 6203148829398960659, 8217097154021671077, 8989951003062896018]",False
225,2,remove,"(4, 7)",Graph with 11 nodes and 11 edges,"[-9155992331021361214, -9043066184420273856, -5681548398685153394, 1551062638310124101, 1798697280219362366, 2536627264874933604, 3961280004613138895, 4156381009800093954, 4916869937601973177, 5802676377761527462, 7426939823805853464]",False
225,3,add,"(1, 6)",Graph with 11 nodes and 13 edges,"[-5081912321111166465, -5081912321111166465, -1094094857476127947, 278633988223537463, 278633988223537463, 887569712409813434, 887569712409813434, 3248922674598454631, 3248922674598454631, 8566816978581224115, 8566816978581224115]",False
225,4,remove,"(1, 2)",Graph with 11 nodes and 11 edges,"[-6465824000373098459, -6137655157613102945, -6137655157613102945, -4276640867770781548, -2111215746282871074, 701891940364458389, 701891940364458389, 1649391368065679453, 1970576112705276622, 3175214812921875834, 3175214812921875834]",False
225,5,add,"(3, 10)",Graph with 11 nodes and 13 edges,"[-8278280422206242512, -7747751881642589934, -7745086084856210393, -4237923986231563757, -2309309196993323748, 2259183408760307609, 4164710104748477960, 8414780753121187254, 8623082583974087753, 8894193882657227182, 9056205526185637321]",False
225,6,remove,"(0, 1)",Graph with 11 nodes and 11 edges,"[-7211180222380930081, -7001306882312524572, -6852120471316904000, -5094173800197273871, -3041946163041689681, 552823775858708315, 714414176384349619, 2942317578606865780, 4836125792248299623, 6804739723015904416, 7075407732297445362]",False
225,7,remove,"(3, 4)",Graph with 11 nodes and 11 edges,"[-5655487619113369244, -4532089325682668543, -4442436774603531593, -1264232245215168959, -1264232245215168959, -1064155194330997013, -1064155194330997013, 3888600661870277735, 6203148829398960659, 8217097154021671077, 8989951003062896018]",False
225,8,add,"(1, 10)",Graph with 11 nodes and 13 edges,"[-5471732418408452196, -5166818125196241153, -2713423090378295287, -502073615989392445, -389849418489957510, 192740126788793954, 1280456187477061497, 1376236580490007698, 5647985808471412570, 6099543528166439630, 7465526258034381344]",False
225,9,add,"(4, 10)",Graph with 11 nodes and 13 edges,"[-8443602642917788985, -8091408383150549973, -7130123859093213542, -7130123859093213542, -3771881763128045978, -510340305903546214, 1611617557623784001, 1611617557623784001, 4428030020658833429, 4945821947293672249, 9009801540194786887]",False
273,0,add,"(1, 5)",Graph with 11 nodes and 13 edges,"[-9155541837259044051, -8834350519079456088, -6453596676989914158, -5909569059840122344, -4789990470818493504, -4608213197877786166, -4347715749401928299, 1226845554847903352, 2913372534230492253, 3477676687372239761, 6006116987462125839]",False
273,1,add,"(0, 3)",Graph with 11 nodes and 13 edges,"[-6676153367787453926, -6464009812918968562, -5352610331927820937, -1793381743743118543, -1320052502579796061, 3149456940879242952, 3225228571302730876, 4524824025848984765, 5062160568655782092, 5618130184236848785, 9139447092381433737]",False
273,2,remove,"(4, 5)",Graph with 11 nodes and 11 edges,"[-8562421015608249259, -6998272437669396894, -6063845773015124455, -4117224930171580352, -2632856848834362043, -2086427605344805486, -2086427605344805486, 107534970367687133, 3397181683829450405, 6975040000549275773, 7097752876669168401]",False
273,3,remove,"(0, 1)",Graph with 11 nodes and 11 edges,"[-7211180222380930081, -7001306882312524572, -6852120471316904000, -5094173800197273871, -3041946163041689681, 552823775858708315, 714414176384349619, 2942317578606865780, 4836125792248299623, 6804739723015904416, 7075407732297445362]",False
273,4,add,"(0, 6)",Graph with 11 nodes and 13 edges,"[-7419806668116783382, -5897982316637363198, -5030562629495365072, -4923952513750801812, -3992593246684334453, -1852761889565154584, 980338729097844484, 1825581103594714234, 6606835419839341774, 6742352017520675856, 8704639936593653446]",False
273,5,remove,"(2, 6)",Graph with 11 nodes and 11 edges,"[-8100148584582684934, -7447063031056350225, -7115581954690358426, -2981529326071555503, -2711980578275861694, 1582736739374220924, 2172119171537342956, 2749958209699628065, 5110236808600673350, 5721411797192157575, 8387559354983859640]",False
273,6,remove,"(0, 9)",Graph with 11 nodes and 11 edges,"[-7566237654077590226, -5338698541921223034, -5327859909840434727, -5091834199756052004, -4541578228234635718, -4219611345236635983, -2317162917119741616, 965530347969510554, 3827235351579725338, 5802676377761527462, 8421302113028926649]",False
273,7,remove,"(0, 9)",Graph with 11 nodes and 11 edges,"[-7566237654077590226, -5338698541921223034, -5327859909840434727, -5091834199756052004, -4541578228234635718, -4219611345236635983, -2317162917119741616, 965530347969510554, 3827235351579725338, 5802676377761527462, 8421302113028926649]",False
273,8,add,"(1, 7)",Graph with 11 nodes and 13 edges,"[-6623877740142994070, -4522610165784119932, -2676029562899749315, -2202144508899777368, -1520718776248182122, -1177908115950637552, 227566675723548405, 1017693408786316233, 2934569614140604760, 7769644541083042452, 7907452483086109794]",False
273,9,add,"(7, 9)",Graph with 11 nodes and 13 edges,"[-6683928100187298507, -3964292641354601358, -2347435950665903880, -1249293268643867949, -94486972129099603, 1308115193780052656, 2085413742049297757, 2275987765649846818, 3338881922616435078, 4853228761055020034, 7254293321540468268]",False
296,0,remove,"(4, 7)",Graph with 11 nodes and 11 edges,"[-6465824000373098459, -6137655157613102945, -6137655157613102945, -4276640867770781548, -2111215746282871074, 701891940364458389, 701891940364458389, 1649391368065679453, 1970576112705276622, 3175214812921875834, 3175214812921875834]",False
296,1,add,"(4, 9)",Graph with 11 nodes and 13 edges,"[-5147423276154338600, -3469786224756654827, -2828691641359076179, -1457193348361972313, -817673744831081932, -179993001001952032, 1435764646488892824, 3593573754516149812, 4096730074172173865, 5351477588940585983, 7826714936080286679]",False
296,2,remove,"(6, 7)",Graph with 11 nodes and 11 edges,"[-7211180222380930081, -7001306882312524572, -6852120471316904000, -5094173800197273871, -3041946163041689681, 552823775858708315, 714414176384349619, 2942317578606865780, 4836125792248299623, 6804739723015904416, 7075407732297445362]",False
296,3,remove,"(4, 7)",Graph with 11 nodes and 11 edges,"[-6465824000373098459, -6137655157613102945, -6137655157613102945, -4276640867770781548, -2111215746282871074, 701891940364458389, 701891940364458389, 1649391368065679453, 1970576112705276622, 3175214812921875834, 3175214812921875834]",False
296,4,add,"(0, 7)",Graph with 11 nodes and 13 edges,"[-8441392269328559162, -8081774357779536609, -5104627219922616205, -2904044727100136690, -2835440164498418372, -2813006170703380609, 386833866025673719, 740761922886346492, 2780605234569336099, 5876039687603249576, 6671078141418783250]",False
296,5,remove,"(0, 1)",Graph with 11 nodes and 11 edges,"[-9155992331021361214, -9043066184420273856, -5681548398685153394, 1551062638310124101, 1798697280219362366, 2536627264874933604, 3961280004613138895, 4156381009800093954, 4916869937601973177, 5802676377761527462, 7426939823805853464]",False
296,6,remove,"(4, 8)",Graph with 11 nodes and 11 edges,"[-8100148584582684934, -7447063031056350225, -7115581954690358426, -2981529326071555503, -2711980578275861694, 1582736739374220924, 2172119171537342956, 2749958209699628065, 5110236808600673350, 5721411797192157575, 8387559354983859640]",False
296,7,remove,"(8, 9)",Graph with 11 nodes and 11 edges,"[-9100778698530344672, -6772688489100695383, -3816683264140772449, -3816683264140772449, -1599766489431175598, -1435758123249409248, -1435758123249409248, 662847457770225727, 662847457770225727, 2900076707971798721, 6012683383923870927]",False
296,8,add,"(5, 10)",Graph with 11 nodes and 13 edges,"[-6988931106719944301, -3448592347315933163, -3448592347315933163, -868413133020168807, -807903012026856725, 1549157852847175200, 1549157852847175200, 2029338874799976431, 2177378410933300432, 3406859563695582227, 3406859563695582227]",False
296,9,remove,"(2, 5)",Graph with 11 nodes and 11 edges,"[-7232984225240012484, -7065875274648461256, -7065875274648461256, -1622632268282448690, 105916630758985424, 1933579794812862194, 1933579794812862194, 4341240819856305149, 4341240819856305149, 5003845300843564465, 7964838532289464556]",False
493,0,add,"(5, 10)",Graph with 11 nodes and 13 edges,"[-8379173752439109418, -8287880499387924628, -8278373293087431444, -5413968683615824080, -5319626920906298293, -3596345096411429465, 2374212249105280517, 3718461466966262791, 6290444163742887470, 7974627404621577666, 8266523423963242976]",False
493,1,remove,"(4, 5)",Graph with 11 nodes and 11 edges,"[-7232984225240012484, -7065875274648461256, -7065875274648461256, -1622632268282448690, 105916630758985424, 1933579794812862194, 1933579794812862194, 4341240819856305149, 4341240819856305149, 5003845300843564465, 7964838532289464556]",False
493,2,add,"(1, 6)",Graph with 11 nodes and 13 edges,"[-8443602642917788985, -8091408383150549973, -7130123859093213542, -7130123859093213542, -3771881763128045978, -510340305903546214, 1611617557623784001, 1611617557623784001, 4428030020658833429, 4945821947293672249, 9009801540194786887]",False
493,3,remove,"(3, 4)",Graph with 11 nodes and 11 edges,"[-2833592210217107609, -2833592210217107609, 1095400018947130494, 1095400018947130494, 4730508320890022255, 4730508320890022255, 6049371413431246738, 7818287495058871779, 7818287495058871779, 8737322159664439054, 8737322159664439054]",False
493,4,add,"(7, 8)",Graph with 11 nodes and 13 edges,"[-7365565775686224224, -5380544458529186150, -3657376815014124050, -2601948840326140203, -2451749121151417948, 1781017392449002157, 2798258108314858049, 3082203214469433312, 4548904823750716309, 7595759761433104712, 8791861448542774030]",False
493,5,remove,"(3, 6)",Graph with 11 nodes and 11 edges,"[-8100148584582684934, -7447063031056350225, -7115581954690358426, -2981529326071555503, -2711980578275861694, 1582736739374220924, 2172119171537342956, 2749958209699628065, 5110236808600673350, 5721411797192157575, 8387559354983859640]",False
493,6,add,"(4, 10)",Graph with 11 nodes and 13 edges,"[-7853349277713625624, -7326890914851930772, -3892227304828633140, -941012134905920995, 1419203263349703332, 3273504671552598197, 3365608090511297585, 4746317248856637956, 6859794183706992485, 8200076794110840006, 8931783013258504225]",False
493,7,remove,"(3, 7)",Graph with 11 nodes and 11 edges,"[-6465824000373098459, -6137655157613102945, -6137655157613102945, -4276640867770781548, -2111215746282871074, 701891940364458389, 701891940364458389, 1649391368065679453, 1970576112705276622, 3175214812921875834, 3175214812921875834]",False
493,8,add,"(7, 8)",Graph with 11 nodes and 13 edges,"[-7365565775686224224, -5380544458529186150, -3657376815014124050, -2601948840326140203, -2451749121151417948, 1781017392449002157, 2798258108314858049, 3082203214469433312, 4548904823750716309, 7595759761433104712, 8791861448542774030]",False
493,9,add,"(8, 9)",Graph with 11 nodes and 13 edges,"[-8167972212056925665, -6470076855825189965, -5152337878258052698, -4923681281621801353, -2218733306477125115, -2201246245165510707, -1889452460916218684, -1615674120696583418, 5155465534501637984, 8715669831635226038, 8885850187196248181]",False
535,0,add,"(0, 3)",Graph with 11 nodes and 13 edges,"[-9210126526581767439, -8276473723632778371, -3217722954266058012, -3214239213804406860, -2321849460160861645, -2300457100663532757, 96633808446394229, 870395704097722623, 3186380547766118974, 3296524029757836762, 3930895451795678407]",False
535,1,add,"(0, 3)",Graph with 11 nodes and 13 edges,"[-9210126526581767439, -8276473723632778371, -3217722954266058012, -3214239213804406860, -2321849460160861645, -2300457100663532757, 96633808446394229, 870395704097722623, 3186380547766118974, 3296524029757836762, 3930895451795678407]",False
535,2,remove,"(2, 4)",Graph with 11 nodes and 11 edges,"[-2833592210217107609, -2833592210217107609, 1095400018947130494, 1095400018947130494, 4730508320890022255, 4730508320890022255, 6049371413431246738, 7818287495058871779, 7818287495058871779, 8737322159664439054, 8737322159664439054]",False
535,3,remove,"(2, 4)",Graph with 11 nodes and 11 edges,"[-2833592210217107609, -2833592210217107609, 1095400018947130494, 1095400018947130494, 4730508320890022255, 4730508320890022255, 6049371413431246738, 7818287495058871779, 7818287495058871779, 8737322159664439054, 8737322159664439054]",False
535,4,add,"(5, 7)",Graph with 11 nodes and 13 edges,"[-5081912321111166465, -5081912321111166465, -1094094857476127947, 278633988223537463, 278633988223537463, 887569712409813434, 887569712409813434, 3248922674598454631, 3248922674598454631, 8566816978581224115, 8566816978581224115]",False
535,5,remove,"(6, 7)",Graph with 11 nodes and 11 edges,"[-7211180222380930081, -7001306882312524572, -6852120471316904000, -5094173800197273871, -3041946163041689681, 552823775858708315, 714414176384349619, 2942317578606865780, 4836125792248299623, 6804739723015904416, 7075407732297445362]",False
535,6,add,"(3, 9)",Graph with 11 nodes and 13 edges,"[-3262102386601135045, -1868600174937949108, -594104017321235198, -132718746656616506, 1071742949548892002, 5289601401692307943, 5772416843891114094, 7013616762068402431, 7808082279534047120, 8324568092619671726, 8434308827142166277]",False
535,7,remove,"(1, 2)",Graph with 11 nodes and 11 edges,"[-5655487619113369244, -4532089325682668543, -4442436774603531593, -1264232245215168959, -1264232245215168959, -1064155194330997013, -1064155194330997013, 3888600661870277735, 6203148829398960659, 8217097154021671077, 8989951003062896018]",False
535,8,remove,"(0, 1)",Graph with 11 nodes and 11 edges,"[-9155992331021361214, -9043066184420273856, -5681548398685153394, 1551062638310124101, 1798697280219362366, 2536627264874933604, 3961280004613138895, 4156381009800093954, 4916869937601973177, 5802676377761527462, 7426939823805853464]",False
535,9,remove,"(4, 7)",Graph with 11 nodes and 11 edges,"[-6465824000373098459, -6137655157613102945, -6137655157613102945, -4276640867770781548, -2111215746282871074, 701891940364458389, 701891940364458389, 1649391368065679453, 1970576112705276622, 3175214812921875834, 3175214812921875834]",False
563,0,add,"(0, 2)",Graph with 11 nodes and 13 edges,"[-6676153367787453926, -6464009812918968562, -5352610331927820937, -1793381743743118543, -1320052502579796061, 3149456940879242952, 3225228571302730876, 4524824025848984765, 5062160568655782092, 5618130184236848785, 9139447092381433737]",False
563,1,add,"(2, 7)",Graph with 11 nodes and 13 edges,"[-7853349277713625624, -7326890914851930772, -3892227304828633140, -941012134905920995, 1419203263349703332, 3273504671552598197, 3365608090511297585, 4746317248856637956, 6859794183706992485, 8200076794110840006, 8931783013258504225]",False
563,2,add,"(3, 8)",Graph with 11 nodes and 13 edges,"[-7303523567558103845, -6595107674398092277, -5202328938681760615, -5192084572085820668, -4327022006458382946, -2393922462809398776, -1267901636052534057, 185236216646932286, 552090244009937209, 5179765638487193915, 8207973255659039140]",False
563,3,remove,"(0, 10)",Graph with 11 nodes and 11 edges,"[-5569197950860920689, -3710699879434823076, -3383026197192233568, -3383026197192233568, -2961808375115896789, 553550956806924226, 633161570720612568, 992608384574677190, 2106547447641012776, 5105644003161033081, 9140660393398875745]",False
563,4,remove,"(0, 8)",Graph with 11 nodes and 11 edges,"[-7211180222380930081, -7001306882312524572, -6852120471316904000, -5094173800197273871, -3041946163041689681, 552823775858708315, 714414176384349619, 2942317578606865780, 4836125792248299623, 6804739723015904416, 7075407732297445362]",False
563,5,add,"(3, 9)",Graph with 11 nodes and 13 edges,"[-8443602642917788985, -8091408383150549973, -7130123859093213542, -7130123859093213542, -3771881763128045978, -510340305903546214, 1611617557623784001, 1611617557623784001, 4428030020658833429, 4945821947293672249, 9009801540194786887]",False
563,6,remove,"(0, 10)",Graph with 11 nodes and 11 edges,"[-5569197950860920689, -3710699879434823076, -3383026197192233568, -3383026197192233568, -2961808375115896789, 553550956806924226, 633161570720612568, 992608384574677190, 2106547447641012776, 5105644003161033081, 9140660393398875745]",False
563,7,remove,"(1, 8)",Graph with 11 nodes and 11 edges,"[-6465824000373098459, -6137655157613102945, -6137655157613102945, -4276640867770781548, -2111215746282871074, 701891940364458389, 701891940364458389, 1649391368065679453, 1970576112705276622, 3175214812921875834, 3175214812921875834]",False
563,8,add,"(0, 9)",Graph with 11 nodes and 13 edges,"[-7419806668116783382, -5897982316637363198, -5030562629495365072, -4923952513750801812, -3992593246684334453, -1852761889565154584, 980338729097844484, 1825581103594714234, 6606835419839341774, 6742352017520675856, 8704639936593653446]",False
563,9,remove,"(0, 8)",Graph with 11 nodes and 11 edges,"[-7211180222380930081, -7001306882312524572, -6852120471316904000, -5094173800197273871, -3041946163041689681, 552823775858708315, 714414176384349619, 2942317578606865780, 4836125792248299623, 6804739723015904416, 7075407732297445362]",False
636,0,add,"(4, 9)",Graph with 11 nodes and 13 edges,"[-8696427751024435123, -7476285433882745209, -5910331448934881426, -5126089481134127399, -3824054313339843955, -3385965395468350632, -2419253214647110814, 984271134002003197, 984271134002003197, 1028277109976291227, 2393736538739660723]",False
636,1,remove,"(4, 5)",Graph with 11 nodes and 11 edges,"[-8562421015608249259, -6998272437669396894, -6063845773015124455, -4117224930171580352, -2632856848834362043, -2086427605344805486, -2086427605344805486, 107534970367687133, 3397181683829450405, 6975040000549275773, 7097752876669168401]",False
636,2,add,"(1, 3)",Graph with 11 nodes and 13 edges,"[-8999280701278360231, -5509946824362223199, -4942118210592954920, -3731205200808735092, -2920878449830553752, -274368997077191605, 1699546016258574996, 3918601326829873566, 3964641477789652372, 5075592050643784748, 5374988538333733837]",False
636,3,remove,"(4, 10)",Graph with 11 nodes and 11 edges,"[-9155992331021361214, -9043066184420273856, -5681548398685153394, 1551062638310124101, 1798697280219362366, 2536627264874933604, 3961280004613138895, 4156381009800093954, 4916869937601973177, 5802676377761527462, 7426939823805853464]",False
636,4,add,"(2, 10)",Graph with 11 nodes and 13 edges,"[-8015807524932893329, -7000760427437905090, -6560654543155000227, -4895723560798990963, -1309196597994568399, -624615608599591630, -184850271254237278, 1951414753841498063, 2936042636769163087, 7017799029355299538, 9008105255865595431]",False
636,5,remove,"(6, 7)",Graph with 11 nodes and 11 edges,"[-9100778698530344672, -6772688489100695383, -3816683264140772449, -3816683264140772449, -1599766489431175598, -1435758123249409248, -1435758123249409248, 662847457770225727, 662847457770225727, 2900076707971798721, 6012683383923870927]",False
636,6,add,"(5, 7)",Graph with 11 nodes and 13 edges,"[-3262102386601135045, -1868600174937949108, -594104017321235198, -132718746656616506, 1071742949548892002, 5289601401692307943, 5772416843891114094, 7013616762068402431, 7808082279534047120, 8324568092619671726, 8434308827142166277]",False
636,7,remove,"(2, 6)",Graph with 11 nodes and 11 edges,"[-8100148584582684934, -7447063031056350225, -7115581954690358426, -2981529326071555503, -2711980578275861694, 1582736739374220924, 2172119171537342956, 2749958209699628065, 5110236808600673350, 5721411797192157575, 8387559354983859640]",False
636,8,add,"(5, 6)",Graph with 11 nodes and 13 edges,"[-4321554482307868546, -3915623091230702245, -3416360908881213707, -3362596005805588415, -3252250141418336996, -1748003480977204569, 160409057652756659, 2994758458625139717, 7239366057994223053, 7333388850359349371, 8536722884757938678]",False
636,9,remove,"(4, 5)",Graph with 11 nodes and 11 edges,"[-8562421015608249259, -6998272437669396894, -6063845773015124455, -4117224930171580352, -2632856848834362043, -2086427605344805486, -2086427605344805486, 107534970367687133, 3397181683829450405, 6975040000549275773, 7097752876669168401]",False
782,0,remove,"(2, 4)",Graph with 11 nodes and 11 edges,"[-2833592210217107609, -2833592210217107609, 1095400018947130494, 1095400018947130494, 4730508320890022255, 4730508320890022255, 6049371413431246738, 7818287495058871779, 7818287495058871779, 8737322159664439054, 8737322159664439054]",False
782,1,add,"(0, 9)",Graph with 11 nodes and 13 edges,"[-7588186553925065779, -7588186553925065779, -6859945058607022981, -5203894860208282951, -5203894860208282951, -4266276898599182244, -3999525975040925431, 3408654344911532379, 3408654344911532379, 5786326977529798260, 8613364304962182289]",False
782,2,add,"(2, 10)",Graph with 11 nodes and 13 edges,"[-7993003067076809788, -7215493752915039228, -7076888378625372014, -5186175410166461681, -4958857856433027247, -3264902503162954748, -2944880989240660906, -2887358402685166488, -519174959229106222, 4489638907447270818, 8272931408473878606]",False
782,3,add,"(0, 6)",Graph with 11 nodes and 13 edges,"[-5446217095169727458, -4570419866581913116, -4025289900811793411, 656963627140537271, 1114528099136963788, 3033036457314834788, 4030586661862068330, 7813063808476808819, 8467145293402394972, 9173562028623224719, 9173562028623224719]",False
782,4,remove,"(0, 1)",Graph with 11 nodes and 11 edges,"[-9155992331021361214, -9043066184420273856, -5681548398685153394, 1551062638310124101, 1798697280219362366, 2536627264874933604, 3961280004613138895, 4156381009800093954, 4916869937601973177, 5802676377761527462, 7426939823805853464]",False
782,5,add,"(2, 8)",Graph with 11 nodes and 13 edges,"[-8278280422206242512, -7747751881642589934, -7745086084856210393, -4237923986231563757, -2309309196993323748, 2259183408760307609, 4164710104748477960, 8414780753121187254, 8623082583974087753, 8894193882657227182, 9056205526185637321]",False
782,6,add,"(3, 7)",Graph with 11 nodes and 13 edges,"[-9155541837259044051, -8834350519079456088, -6453596676989914158, -5909569059840122344, -4789990470818493504, -4608213197877786166, -4347715749401928299, 1226845554847903352, 2913372534230492253, 3477676687372239761, 6006116987462125839]",False
782,7,add,"(0, 8)",Graph with 11 nodes and 13 edges,"[-9011677299248757639, -8148618294067429022, -6697422847324811336, -6458056456639701495, -6024657832415418836, -5922815486134933846, -4134995482381236105, -1894500147787405389, 3278198097203507466, 8255994058050901815, 8680306591116227719]",False
782,8,remove,"(5, 9)",Graph with 11 nodes and 11 edges,"[-8519797832744539810, -8220658343611442618, -6618893896402228059, -6555426023257742626, -2017685611971439158, -802070884881095272, 65216849090900882, 1198023295164929262, 2390608842661495779, 5907595662378575467, 5959026651091837283]",False
782,9,add,"(3, 10)",Graph with 11 nodes and 13 edges,"[-8167972212056925665, -6470076855825189965, -5152337878258052698, -4923681281621801353, -2218733306477125115, -2201246245165510707, -1889452460916218684, -1615674120696583418, 5155465534501637984, 8715669831635226038, 8885850187196248181]",False
913,0,add,"(0, 10)",Graph with 11 nodes and 13 edges,"[-6722257525041038311, -6157945380812050017, -4164778717172373081, -1667179026012968799, 587396359702370060, 2871913206611681185, 4779635422619572836, 5730746846027239955, 5998103289146021944, 6470298966669580418, 7390509729391542429]",False
913,1,add,"(8, 10)",Graph with 11 nodes and 13 edges,"[-8951298406163334566, -282105569726625048, 2307533025762511948, 4599187368461296846, 5238306610349414285, 7252086148365601079, 7536380099692944415, 7831589304018609924, 8096140629174765689, 8873542480794613779, 9000653507318151333]",False
913,2,add,"(3, 7)",Graph with 11 nodes and 13 edges,"[-9155541837259044051, -8834350519079456088, -6453596676989914158, -5909569059840122344, -4789990470818493504, -4608213197877786166, -4347715749401928299, 1226845554847903352, 2913372534230492253, 3477676687372239761, 6006116987462125839]",False
913,3,add,"(3, 10)",Graph with 11 nodes and 13 edges,"[-8167972212056925665, -6470076855825189965, -5152337878258052698, -4923681281621801353, -2218733306477125115, -2201246245165510707, -1889452460916218684, -1615674120696583418, 5155465534501637984, 8715669831635226038, 8885850187196248181]",False
913,4,remove,"(1, 3)",Graph with 11 nodes and 11 edges,"[-8562421015608249259, -6998272437669396894, -6063845773015124455, -4117224930171580352, -2632856848834362043, -2086427605344805486, -2086427605344805486, 107534970367687133, 3397181683829450405, 6975040000549275773, 7097752876669168401]",False
913,5,add,"(9, 10)",Graph with 11 nodes and 13 edges,"[-6683928100187298507, -3964292641354601358, -2347435950665903880, -1249293268643867949, -94486972129099603, 1308115193780052656, 2085413742049297757, 2275987765649846818, 3338881922616435078, 4853228761055020034, 7254293321540468268]",False
913,6,add,"(3, 5)",Graph with 11 nodes and 13 edges,"[-4798307598182739999, -3988441538314074277, -3839780128090296955, -3190396097398736989, -1133891788075195519, -465422289296388780, -352867561228021380, 542721108086466753, 4036933904258063362, 4140299139548128270, 6078700568926049073]",False
913,7,add,"(6, 9)",Graph with 11 nodes and 13 edges,"[-9197475757652437887, -6984090779827573321, -6310526600011578405, -4778713390581104957, -3853413080263655786, -1911690229264492625, 2967462366179376027, 4754092091901249524, 4905499700035177589, 5097675014250978409, 6711014241891984254]",False
913,8,remove,"(4, 8)",Graph with 11 nodes and 11 edges,"[-8100148584582684934, -7447063031056350225, -7115581954690358426, -2981529326071555503, -2711980578275861694, 1582736739374220924, 2172119171537342956, 2749958209699628065, 5110236808600673350, 5721411797192157575, 8387559354983859640]",False
913,9,add,"(4, 9)",Graph with 11 nodes and 13 edges,"[-5147423276154338600, -3469786224756654827, -2828691641359076179, -1457193348361972313, -817673744831081932, -179993001001952032, 1435764646488892824, 3593573754516149812, 4096730074172173865, 5351477588940585983, 7826714936080286679]",False
979,0,remove,"(3, 8)",Graph with 11 nodes and 11 edges,"[-7232984225240012484, -7065875274648461256, -7065875274648461256, -1622632268282448690, 105916630758985424, 1933579794812862194, 1933579794812862194, 4341240819856305149, 4341240819856305149, 5003845300843564465, 7964838532289464556]",False
979,1,add,"(3, 9)",Graph with 11 nodes and 13 edges,"[-7993003067076809788, -7215493752915039228, -7076888378625372014, -5186175410166461681, -4958857856433027247, -3264902503162954748, -2944880989240660906, -2887358402685166488, -519174959229106222, 4489638907447270818, 8272931408473878606]",False
979,2,add,"(3, 9)",Graph with 11 nodes and 13 edges,"[-7993003067076809788, -7215493752915039228, -7076888378625372014, -5186175410166461681, -4958857856433027247, -3264902503162954748, -2944880989240660906, -2887358402685166488, -519174959229106222, 4489638907447270818, 8272931408473878606]",False
979,3,add,"(4, 7)",Graph with 11 nodes and 13 edges,"[-8135233464297242401, -6598070024847919604, -5765646581630534048, -3742471769960644940, -3086057971726048972, 211648846534430251, 1730643389906213146, 2362429270218828427, 3096986121519841426, 3711238347825913689, 7378797230374425504]",False
979,4,add,"(0, 4)",Graph with 11 nodes and 13 edges,"[-9154627468295270222, -7981152666257155505, 801654610524553241, 1937590247526437360, 5697422187308062287, 5736424029829828887, 6857808687155615903, 7380102595710357099, 7665550314364893454, 8378997901419009396, 8537581066397990421]",False
979,5,remove,"(0, 5)",Graph with 11 nodes and 11 edges,"[-5569197950860920689, -3710699879434823076, -3383026197192233568, -3383026197192233568, -2961808375115896789, 553550956806924226, 633161570720612568, 992608384574677190, 2106547447641012776, 5105644003161033081, 9140660393398875745]",False
979,6,remove,"(4, 10)",Graph with 11 nodes and 11 edges,"[-9155992331021361214, -9043066184420273856, -5681548398685153394, 1551062638310124101, 1798697280219362366, 2536627264874933604, 3961280004613138895, 4156381009800093954, 4916869937601973177, 5802676377761527462, 7426939823805853464]",False
979,7,add,"(5, 10)",Graph with 11 nodes and 13 edges,"[-9210126526581767439, -8276473723632778371, -3217722954266058012, -3214239213804406860, -2321849460160861645, -2300457100663532757, 96633808446394229, 870395704097722623, 3186380547766118974, 3296524029757836762, 3930895451795678407]",False
979,8,add,"(0, 2)",Graph with 11 nodes and 13 edges,"[-9152958327261967161, -8218644027531081631, -5319249667770464067, -5210036202233043773, -5191542533392066056, -5051589721450437856, -1774266610147464724, -1320807470543052960, 4166235646647440252, 4217681501138348923, 5687196898247672074]",False
979,9,add,"(2, 7)",Graph with 11 nodes and 13 edges,"[-8403217780842386138, -6355888103678203720, -5741460724938062981, -2709396539426091875, -1620815372153664057, -283984337972841315, -730995288336879, 2759230769377550093, 3107649668095466115, 3953064153869918058, 7561686892619772120]",False
981,0,remove,"(6, 7)",Graph with 11 nodes and 11 edges,"[-7211180222380930081, -7001306882312524572, -6852120471316904000, -5094173800197273871, -3041946163041689681, 552823775858708315, 714414176384349619, 2942317578606865780, 4836125792248299623, 6804739723015904416, 7075407732297445362]",False
981,1,add,"(6, 8)",Graph with 11 nodes and 13 edges,"[-7419806668116783382, -5897982316637363198, -5030562629495365072, -4923952513750801812, -3992593246684334453, -1852761889565154584, 980338729097844484, 1825581103594714234, 6606835419839341774, 6742352017520675856, 8704639936593653446]",False
981,2,add,"(0, 5)",Graph with 11 nodes and 13 edges,"[-8385012806359503433, -4408073216239123766, -3801721318072889928, -2115519978037847869, 3196475980109519334, 3202623368998111910, 3992877089724268130, 5551335057012171519, 5584498536875365697, 6245497651601968765, 8251923590698849746]",False
981,3,remove,"(4, 7)",Graph with 11 nodes and 11 edges,"[-6465824000373098459, -6137655157613102945, -6137655157613102945, -4276640867770781548, -2111215746282871074, 701891940364458389, 701891940364458389, 1649391368065679453, 1970576112705276622, 3175214812921875834, 3175214812921875834]",False
981,4,remove,"(2, 5)",Graph with 11 nodes and 11 edges,"[-7232984225240012484, -7065875274648461256, -7065875274648461256, -1622632268282448690, 105916630758985424, 1933579794812862194, 1933579794812862194, 4341240819856305149, 4341240819856305149, 5003845300843564465, 7964838532289464556]",False
981,5,remove,"(6, 10)",Graph with 11 nodes and 11 edges,"[-7566237654077590226, -5338698541921223034, -5327859909840434727, -5091834199756052004, -4541578228234635718, -4219611345236635983, -2317162917119741616, 965530347969510554, 3827235351579725338, 5802676377761527462, 8421302113028926649]",False
981,6,add,"(5, 10)",Graph with 11 nodes and 13 edges,"[-6988931106719944301, -3448592347315933163, -3448592347315933163, -868413133020168807, -807903012026856725, 1549157852847175200, 1549157852847175200, 2029338874799976431, 2177378410933300432, 3406859563695582227, 3406859563695582227]",False
981,7,add,"(0, 5)",Graph with 11 nodes and 13 edges,"[-8385012806359503433, -4408073216239123766, -3801721318072889928, -2115519978037847869, 3196475980109519334, 3202623368998111910, 3992877089724268130, 5551335057012171519, 5584498536875365697, 6245497651601968765, 8251923590698849746]",False
981,8,remove,"(4, 8)",Graph with 11 nodes and 11 edges,"[-8100148584582684934, -7447063031056350225, -7115581954690358426, -2981529326071555503, -2711980578275861694, 1582736739374220924, 2172119171537342956, 2749958209699628065, 5110236808600673350, 5721411797192157575, 8387559354983859640]",False
981,9,remove,"(1, 2)",Graph with 11 nodes and 11 edges,"[-5655487619113369244, -4532089325682668543, -4442436774603531593, -1264232245215168959, -1264232245215168959, -1064155194330997013, -1064155194330997013, 3888600661870277735, 6203148829398960659, 8217097154021671077, 8989951003062896018]",False
1108,0,add,"(0, 10)",Graph with 11 nodes and 13 edges,"[-6722257525041038311, -6157945380812050017, -4164778717172373081, -1667179026012968799, 587396359702370060, 2871913206611681185, 4779635422619572836, 5730746846027239955, 5998103289146021944, 6470298966669580418, 7390509729391542429]",False
1108,1,add,"(8, 10)",Graph with 11 nodes and 13 edges,"[-8951298406163334566, -282105569726625048, 2307533025762511948, 4599187368461296846, 5238306610349414285, 7252086148365601079, 7536380099692944415, 7831589304018609924, 8096140629174765689, 8873542480794613779, 9000653507318151333]",False
1108,2,remove,"(5, 9)",Graph with 11 nodes and 11 edges,"[-8519797832744539810, -8220658343611442618, -6618893896402228059, -6555426023257742626, -2017685611971439158, -802070884881095272, 65216849090900882, 1198023295164929262, 2390608842661495779, 5907595662378575467, 5959026651091837283]",False
1108,3,remove,"(6, 10)",Graph with 11 nodes and 11 edges,"[-7566237654077590226, -5338698541921223034, -5327859909840434727, -5091834199756052004, -4541578228234635718, -4219611345236635983, -2317162917119741616, 965530347969510554, 3827235351579725338, 5802676377761527462, 8421302113028926649]",False
1108,4,remove,"(1, 2)",Graph with 11 nodes and 11 edges,"[-5655487619113369244, -4532089325682668543, -4442436774603531593, -1264232245215168959, -1264232245215168959, -1064155194330997013, -1064155194330997013, 3888600661870277735, 6203148829398960659, 8217097154021671077, 8989951003062896018]",False
1108,5,add,"(5, 6)",Graph with 11 nodes and 13 edges,"[-8401353873617550615, -5385114123548191186, -4987879257244721791, -3290160115025056900, -2152322436065178219, -1202274487168227236, 3030864144436490308, 3706877060907911918, 5514809967346174879, 5986915912586376088, 7724077203425656317]",False
1108,6,add,"(3, 7)",Graph with 11 nodes and 13 edges,"[-9155541837259044051, -8834350519079456088, -6453596676989914158, -5909569059840122344, -4789990470818493504, -4608213197877786166, -4347715749401928299, 1226845554847903352, 2913372534230492253, 3477676687372239761, 6006116987462125839]",False
1108,7,remove,"(6, 10)",Graph with 11 nodes and 11 edges,"[-7566237654077590226, -5338698541921223034, -5327859909840434727, -5091834199756052004, -4541578228234635718, -4219611345236635983, -2317162917119741616, 965530347969510554, 3827235351579725338, 5802676377761527462, 8421302113028926649]",False
1108,8,add,"(4, 6)",Graph with 11 nodes and 13 edges,"[-9152958327261967161, -8218644027531081631, -5319249667770464067, -5210036202233043773, -5191542533392066056, -5051589721450437856, -1774266610147464724, -1320807470543052960, 4166235646647440252, 4217681501138348923, 5687196898247672074]",False
1108,9,remove,"(4, 8)",Graph with 11 nodes and 11 edges,"[-8100148584582684934, -7447063031056350225, -7115581954690358426, -2981529326071555503, -2711980578275861694, 1582736739374220924, 2172119171537342956, 2749958209699628065, 5110236808600673350, 5721411797192157575, 8387559354983859640]",False
1250,0,add,"(4, 8)",Graph with 11 nodes and 13 edges,"[-6865581372524767149, -6129419596485137193, -6111898690736182576, -1941938883055377499, -1376393496237592005, -249391209325493196, 4266290029720198336, 5272412652165870078, 5765219399315413464, 6080298845154042107, 6392467185296605101]",False
1250,1,remove,"(2, 6)",Graph with 11 nodes and 11 edges,"[-8100148584582684934, -7447063031056350225, -7115581954690358426, -2981529326071555503, -2711980578275861694, 1582736739374220924, 2172119171537342956, 2749958209699628065, 5110236808600673350, 5721411797192157575, 8387559354983859640]",False
1250,2,add,"(8, 9)",Graph with 11 nodes and 13 edges,"[-6988931106719944301, -3448592347315933163, -3448592347315933163, -868413133020168807, -807903012026856725, 1549157852847175200, 1549157852847175200, 2029338874799976431, 2177378410933300432, 3406859563695582227, 3406859563695582227]",False
1250,3,remove,"(0, 5)",Graph with 11 nodes and 11 edges,"[-5569197950860920689, -3710699879434823076, -3383026197192233568, -3383026197192233568, -2961808375115896789, 553550956806924226, 633161570720612568, 992608384574677190, 2106547447641012776, 5105644003161033081, 9140660393398875745]",False
1250,4,add,"(5, 9)",Graph with 11 nodes and 13 edges,"[-8167972212056925665, -6470076855825189965, -5152337878258052698, -4923681281621801353, -2218733306477125115, -2201246245165510707, -1889452460916218684, -1615674120696583418, 5155465534501637984, 8715669831635226038, 8885850187196248181]",False
1250,5,remove,"(3, 8)",Graph with 11 nodes and 11 edges,"[-7232984225240012484, -7065875274648461256, -7065875274648461256, -1622632268282448690, 105916630758985424, 1933579794812862194, 1933579794812862194, 4341240819856305149, 4341240819856305149, 5003845300843564465, 7964838532289464556]",False
1250,6,remove,"(7, 8)",Graph with 11 nodes and 11 edges,"[-8519797832744539810, -8220658343611442618, -6618893896402228059, -6555426023257742626, -2017685611971439158, -802070884881095272, 65216849090900882, 1198023295164929262, 2390608842661495779, 5907595662378575467, 5959026651091837283]",False
1250,7,add,"(5, 8)",Graph with 11 nodes and 13 edges,"[-4798307598182739999, -3988441538314074277, -3839780128090296955, -3190396097398736989, -1133891788075195519, -465422289296388780, -352867561228021380, 542721108086466753, 4036933904258063362, 4140299139548128270, 6078700568926049073]",False
1250,8,add,"(3, 7)",Graph with 11 nodes and 13 edges,"[-8783597407177179067, -8325540810588654032, -5691899695522072539, -2917758463191111381, 730888883597206097, 1034917850456016156, 2806838280433376262, 4616441330080323608, 5896792040946576708, 7714431938647156160, 8087224185561450588]",False
1250,9,remove,"(0, 5)",Graph with 11 nodes and 11 edges,"[-5569197950860920689, -3710699879434823076, -3383026197192233568, -3383026197192233568, -2961808375115896789, 553550956806924226, 633161570720612568, 992608384574677190, 2106547447641012776, 5105644003161033081, 9140660393398875745]",False
1292,0,remove,"(3, 4)",Graph with 11 nodes and 11 edges,"[-5655487619113369244, -4532089325682668543, -4442436774603531593, -1264232245215168959, -1264232245215168959, -1064155194330997013, -1064155194330997013, 3888600661870277735, 6203148829398960659, 8217097154021671077, 8989951003062896018]",False
1292,1,add,"(4, 9)",Graph with 11 nodes and 13 edges,"[-7853349277713625624, -7326890914851930772, -3892227304828633140, -941012134905920995, 1419203263349703332, 3273504671552598197, 3365608090511297585, 4746317248856637956, 6859794183706992485, 8200076794110840006, 8931783013258504225]",False
1292,2,remove,"(5, 6)",Graph with 11 nodes and 11 edges,"[-8100148584582684934, -7447063031056350225, -7115581954690358426, -2981529326071555503, -2711980578275861694, 1582736739374220924, 2172119171537342956, 2749958209699628065, 5110236808600673350, 5721411797192157575, 8387559354983859640]",False
1292,3,remove,"(2, 5)",Graph with 11 nodes and 11 edges,"[-6465824000373098459, -6137655157613102945, -6137655157613102945, -4276640867770781548, -2111215746282871074, 701891940364458389, 701891940364458389, 1649391368065679453, 1970576112705276622, 3175214812921875834, 3175214812921875834]",False
1292,4,remove,"(4, 8)",Graph with 11 nodes and 11 edges,"[-7232984225240012484, -7065875274648461256, -7065875274648461256, -1622632268282448690, 105916630758985424, 1933579794812862194, 1933579794812862194, 4341240819856305149, 4341240819856305149, 5003845300843564465, 7964838532289464556]",False
1292,5,add,"(0, 5)",Graph with 11 nodes and 13 edges,"[-8547766656428465853, -7380633633384284117, -6543065611532475042, -2739250109163974127, -884724898335604823, 1226285930240921116, 2006308901212361044, 4392409315885676657, 5402810112274843796, 8282548280354249764, 8610332501345626967]",False
1292,6,add,"(0, 5)",Graph with 11 nodes and 13 edges,"[-8547766656428465853, -7380633633384284117, -6543065611532475042, -2739250109163974127, -884724898335604823, 1226285930240921116, 2006308901212361044, 4392409315885676657, 5402810112274843796, 8282548280354249764, 8610332501345626967]",False
1292,7,add,"(6, 9)",Graph with 11 nodes and 13 edges,"[-9011677299248757639, -8148618294067429022, -6697422847324811336, -6458056456639701495, -6024657832415418836, -5922815486134933846, -4134995482381236105, -1894500147787405389, 3278198097203507466, 8255994058050901815, 8680306591116227719]",False
1292,8,add,"(2, 6)",Graph with 11 nodes and 13 edges,"[-5471732418408452196, -5166818125196241153, -2713423090378295287, -502073615989392445, -389849418489957510, 192740126788793954, 1280456187477061497, 1376236580490007698, 5647985808471412570, 6099543528166439630, 7465526258034381344]",False
1292,9,remove,"(7, 8)",Graph with 11 nodes and 11 edges,"[-8519797832744539810, -8220658343611442618, -6618893896402228059, -6555426023257742626, -2017685611971439158, -802070884881095272, 65216849090900882, 1198023295164929262, 2390608842661495779, 5907595662378575467, 5959026651091837283]",False
1326,0,remove,"(6, 7)",Graph with 11 nodes and 11 edges,"[-8519797832744539810, -8220658343611442618, -6618893896402228059, -6555426023257742626, -2017685611971439158, -802070884881095272, 65216849090900882, 1198023295164929262, 2390608842661495779, 5907595662378575467, 5959026651091837283]",False
1326,1,add,"(2, 8)",Graph with 11 nodes and 13 edges,"[-7419806668116783382, -5897982316637363198, -5030562629495365072, -4923952513750801812, -3992593246684334453, -1852761889565154584, 980338729097844484, 1825581103594714234, 6606835419839341774, 6742352017520675856, 8704639936593653446]",False
1326,2,remove,"(7, 8)",Graph with 11 nodes and 11 edges,"[-9100778698530344672, -6772688489100695383, -3816683264140772449, -3816683264140772449, -1599766489431175598, -1435758123249409248, -1435758123249409248, 662847457770225727, 662847457770225727, 2900076707971798721, 6012683383923870927]",False
1326,3,add,"(1, 4)",Graph with 11 nodes and 13 edges,"[-8547766656428465853, -7380633633384284117, -6543065611532475042, -2739250109163974127, -884724898335604823, 1226285930240921116, 2006308901212361044, 4392409315885676657, 5402810112274843796, 8282548280354249764, 8610332501345626967]",False
1326,4,add,"(6, 10)",Graph with 11 nodes and 13 edges,"[-6988931106719944301, -3448592347315933163, -3448592347315933163, -868413133020168807, -807903012026856725, 1549157852847175200, 1549157852847175200, 2029338874799976431, 2177378410933300432, 3406859563695582227, 3406859563695582227]",False
1326,5,remove,"(4, 5)",Graph with 11 nodes and 11 edges,"[-2833592210217107609, -2833592210217107609, 1095400018947130494, 1095400018947130494, 4730508320890022255, 4730508320890022255, 6049371413431246738, 7818287495058871779, 7818287495058871779, 8737322159664439054, 8737322159664439054]",False
1326,6,remove,"(0, 1)",Graph with 11 nodes and 11 edges,"[-8562421015608249259, -6998272437669396894, -6063845773015124455, -4117224930171580352, -2632856848834362043, -2086427605344805486, -2086427605344805486, 107534970367687133, 3397181683829450405, 6975040000549275773, 7097752876669168401]",False
1326,7,add,"(0, 2)",Graph with 11 nodes and 13 edges,"[-9154627468295270222, -7981152666257155505, 801654610524553241, 1937590247526437360, 5697422187308062287, 5736424029829828887, 6857808687155615903, 7380102595710357099, 7665550314364893454, 8378997901419009396, 8537581066397990421]",False
1326,8,remove,"(4, 8)",Graph with 11 nodes and 11 edges,"[-8100148584582684934, -7447063031056350225, -7115581954690358426, -2981529326071555503, -2711980578275861694, 1582736739374220924, 2172119171537342956, 2749958209699628065, 5110236808600673350, 5721411797192157575, 8387559354983859640]",False
1326,9,remove,"(4, 8)",Graph with 11 nodes and 11 edges,"[-8100148584582684934, -7447063031056350225, -7115581954690358426, -2981529326071555503, -2711980578275861694, 1582736739374220924, 2172119171537342956, 2749958209699628065, 5110236808600673350, 5721411797192157575, 8387559354983859640]",False
1358,0,add,"(3, 7)",Graph with 11 nodes and 13 edges,"[-9155541837259044051, -8834350519079456088, -6453596676989914158, -5909569059840122344, -4789990470818493504, -4608213197877786166, -4347715749401928299, 1226845554847903352, 2913372534230492253, 3477676687372239761, 6006116987462125839]",False
1358,1,remove,"(2, 5)",Graph with 11 nodes and 11 edges,"[-7232984225240012484, -7065875274648461256, -7065875274648461256, -1622632268282448690, 105916630758985424, 1933579794812862194, 1933579794812862194, 4341240819856305149, 4341240819856305149, 5003845300843564465, 7964838532289464556]",False
1358,2,add,"(0, 6)",Graph with 11 nodes and 13 edges,"[-5446217095169727458, -4570419866581913116, -4025289900811793411, 656963627140537271, 1114528099136963788, 3033036457314834788, 4030586661862068330, 7813063808476808819, 8467145293402394972, 9173562028623224719, 9173562028623224719]",False
1358,3,add,"(4, 6)",Graph with 11 nodes and 13 edges,"[-9152958327261967161, -8218644027531081631, -5319249667770464067, -5210036202233043773, -5191542533392066056, -5051589721450437856, -1774266610147464724, -1320807470543052960, 4166235646647440252, 4217681501138348923, 5687196898247672074]",False
1358,4,remove,"(1, 2)",Graph with 11 nodes and 11 edges,"[-5655487619113369244, -4532089325682668543, -4442436774603531593, -1264232245215168959, -1264232245215168959, -1064155194330997013, -1064155194330997013, 3888600661870277735, 6203148829398960659, 8217097154021671077, 8989951003062896018]",False
1358,5,remove,"(5, 9)",Graph with 11 nodes and 11 edges,"[-8519797832744539810, -8220658343611442618, -6618893896402228059, -6555426023257742626, -2017685611971439158, -802070884881095272, 65216849090900882, 1198023295164929262, 2390608842661495779, 5907595662378575467, 5959026651091837283]",False
1358,6,add,"(0, 8)",Graph with 11 nodes and 13 edges,"[-9011677299248757639, -8148618294067429022, -6697422847324811336, -6458056456639701495, -6024657832415418836, -5922815486134933846, -4134995482381236105, -1894500147787405389, 3278198097203507466, 8255994058050901815, 8680306591116227719]",False
1358,7,add,"(1, 8)",Graph with 11 nodes and 13 edges,"[-8443602642917788985, -8091408383150549973, -7130123859093213542, -7130123859093213542, -3771881763128045978, -510340305903546214, 1611617557623784001, 1611617557623784001, 4428030020658833429, 4945821947293672249, 9009801540194786887]",False
1358,8,remove,"(2, 5)",Graph with 11 nodes and 11 edges,"[-7232984225240012484, -7065875274648461256, -7065875274648461256, -1622632268282448690, 105916630758985424, 1933579794812862194, 1933579794812862194, 4341240819856305149, 4341240819856305149, 5003845300843564465, 7964838532289464556]",False
1358,9,remove,"(6, 10)",Graph with 11 nodes and 11 edges,"[-7566237654077590226, -5338698541921223034, -5327859909840434727, -5091834199756052004, -4541578228234635718, -4219611345236635983, -2317162917119741616, 965530347969510554, 3827235351579725338, 5802676377761527462, 8421302113028926649]",False
1412,0,add,"(5, 6)",Graph with 11 nodes and 13 edges,"[-8401353873617550615, -5385114123548191186, -4987879257244721791, -3290160115025056900, -2152322436065178219, -1202274487168227236, 3030864144436490308, 3706877060907911918, 5514809967346174879, 5986915912586376088, 7724077203425656317]",False
1412,1,remove,"(1, 3)",Graph with 11 nodes and 11 edges,"[-8562421015608249259, -6998272437669396894, -6063845773015124455, -4117224930171580352, -2632856848834362043, -2086427605344805486, -2086427605344805486, 107534970367687133, 3397181683829450405, 6975040000549275773, 7097752876669168401]",False
1412,2,add,"(1, 10)",Graph with 11 nodes and 13 edges,"[-8696427751024435123, -7476285433882745209, -5910331448934881426, -5126089481134127399, -3824054313339843955, -3385965395468350632, -2419253214647110814, 984271134002003197, 984271134002003197, 1028277109976291227, 2393736538739660723]",False
1412,3,remove,"(4, 7)",Graph with 11 nodes and 11 edges,"[-6465824000373098459, -6137655157613102945, -6137655157613102945, -4276640867770781548, -2111215746282871074, 701891940364458389, 701891940364458389, 1649391368065679453, 1970576112705276622, 3175214812921875834, 3175214812921875834]",False
1412,4,add,"(0, 10)",Graph with 11 nodes and 13 edges,"[-6722257525041038311, -6157945380812050017, -4164778717172373081, -1667179026012968799, 587396359702370060, 2871913206611681185, 4779635422619572836, 5730746846027239955, 5998103289146021944, 6470298966669580418, 7390509729391542429]",False
1412,5,add,"(5, 8)",Graph with 11 nodes and 13 edges,"[-5618345702692183869, -5559125318813477949, -3432910173572456387, -3117775015720208210, -2845520564913205078, 764322212080429320, 2450360673289320136, 2552197734904658066, 5434738530262301909, 6918551824261563355, 6918652518687108762]",False
1412,6,remove,"(2, 4)",Graph with 11 nodes and 11 edges,"[-2833592210217107609, -2833592210217107609, 1095400018947130494, 1095400018947130494, 4730508320890022255, 4730508320890022255, 6049371413431246738, 7818287495058871779, 7818287495058871779, 8737322159664439054, 8737322159664439054]",False
1412,7,add,"(4, 10)",Graph with 11 nodes and 13 edges,"[-7878493680494236306, -7878493680494236306, -7468094263772944977, -4684927571111087469, -4422965615056658600, -3244545337747686869, 1010252248677854770, 1788522380433331551, 2105459849853525562, 4362525372323502285, 6305875354150632000]",False
1412,8,add,"(3, 4)",Graph with 11 nodes and 13 edges,"[-8547766656428465853, -7380633633384284117, -6543065611532475042, -2739250109163974127, -884724898335604823, 1226285930240921116, 2006308901212361044, 4392409315885676657, 5402810112274843796, 8282548280354249764, 8610332501345626967]",False
1412,9,add,"(4, 6)",Graph with 11 nodes and 13 edges,"[-9152958327261967161, -8218644027531081631, -5319249667770464067, -5210036202233043773, -5191542533392066056, -5051589721450437856, -1774266610147464724, -1320807470543052960, 4166235646647440252, 4217681501138348923, 5687196898247672074]",False
1466,0,add,"(5, 7)",Graph with 11 nodes and 13 edges,"[-5081912321111166465, -5081912321111166465, -1094094857476127947, 278633988223537463, 278633988223537463, 887569712409813434, 887569712409813434, 3248922674598454631, 3248922674598454631, 8566816978581224115, 8566816978581224115]",False
1466,1,add,"(7, 10)",Graph with 11 nodes and 13 edges,"[-7365565775686224224, -5380544458529186150, -3657376815014124050, -2601948840326140203, -2451749121151417948, 1781017392449002157, 2798258108314858049, 3082203214469433312, 4548904823750716309, 7595759761433104712, 8791861448542774030]",False
1466,2,remove,"(1, 3)",Graph with 11 nodes and 11 edges,"[-8562421015608249259, -6998272437669396894, -6063845773015124455, -4117224930171580352, -2632856848834362043, -2086427605344805486, -2086427605344805486, 107534970367687133, 3397181683829450405, 6975040000549275773, 7097752876669168401]",False
1466,3,remove,"(3, 6)",Graph with 11 nodes and 11 edges,"[-5569197950860920689, -3710699879434823076, -3383026197192233568, -3383026197192233568, -2961808375115896789, 553550956806924226, 633161570720612568, 992608384574677190, 2106547447641012776, 5105644003161033081, 9140660393398875745]",False
1466,4,remove,"(1, 3)",Graph with 11 nodes and 11 edges,"[-8562421015608249259, -6998272437669396894, -6063845773015124455, -4117224930171580352, -2632856848834362043, -2086427605344805486, -2086427605344805486, 107534970367687133, 3397181683829450405, 6975040000549275773, 7097752876669168401]",False
1466,5,add,"(6, 9)",Graph with 11 nodes and 13 edges,"[-9197475757652437887, -6984090779827573321, -6310526600011578405, -4778713390581104957, -3853413080263655786, -1911690229264492625, 2967462366179376027, 4754092091901249524, 4905499700035177589, 5097675014250978409, 6711014241891984254]",False
1466,6,add,"(0, 2)",Graph with 11 nodes and 13 edges,"[-7853349277713625624, -7326890914851930772, -3892227304828633140, -941012134905920995, 1419203263349703332, 3273504671552598197, 3365608090511297585, 4746317248856637956, 6859794183706992485, 8200076794110840006, 8931783013258504225]",False
1466,7,add,"(0, 5)",Graph with 11 nodes and 13 edges,"[-8385012806359503433, -4408073216239123766, -3801721318072889928, -2115519978037847869, 3196475980109519334, 3202623368998111910, 3992877089724268130, 5551335057012171519, 5584498536875365697, 6245497651601968765, 8251923590698849746]",False
1466,8,remove,"(2, 5)",Graph with 11 nodes and 11 edges,"[-7232984225240012484, -7065875274648461256, -7065875274648461256, -1622632268282448690, 105916630758985424, 1933579794812862194, 1933579794812862194, 4341240819856305149, 4341240819856305149, 5003845300843564465, 7964838532289464556]",False
1466,9,add,"(0, 4)",Graph with 11 nodes and 13 edges,"[-8015807524932893329, -7000760427437905090, -6560654543155000227, -4895723560798990963, -1309196597994568399, -624615608599591630, -184850271254237278, 1951414753841498063, 2936042636769163087, 7017799029355299538, 9008105255865595431]",False
1499,0,remove,"(2, 5)",Graph with 11 nodes and 11 edges,"[-7232984225240012484, -7065875274648461256, -7065875274648461256, -1622632268282448690, 105916630758985424, 1933579794812862194, 1933579794812862194, 4341240819856305149, 4341240819856305149, 5003845300843564465, 7964838532289464556]",False
1499,1,remove,"(6, 10)",Graph with 11 nodes and 11 edges,"[-7566237654077590226, -5338698541921223034, -5327859909840434727, -5091834199756052004, -4541578228234635718, -4219611345236635983, -2317162917119741616, 965530347969510554, 3827235351579725338, 5802676377761527462, 8421302113028926649]",False
1499,2,remove,"(0, 1)",Graph with 11 nodes and 11 edges,"[-9155992331021361214, -9043066184420273856, -5681548398685153394, 1551062638310124101, 1798697280219362366, 2536627264874933604, 3961280004613138895, 4156381009800093954, 4916869937601973177, 5802676377761527462, 7426939823805853464]",False
1499,3,add,"(1, 8)",Graph with 11 nodes and 13 edges,"[-8443602642917788985, -8091408383150549973, -7130123859093213542, -7130123859093213542, -3771881763128045978, -510340305903546214, 1611617557623784001, 1611617557623784001, 4428030020658833429, 4945821947293672249, 9009801540194786887]",False
1499,4,add,"(7, 8)",Graph with 11 nodes and 13 edges,"[-5471732418408452196, -5166818125196241153, -2713423090378295287, -502073615989392445, -389849418489957510, 192740126788793954, 1280456187477061497, 1376236580490007698, 5647985808471412570, 6099543528166439630, 7465526258034381344]",False
1499,5,add,"(4, 10)",Graph with 11 nodes and 13 edges,"[-7878493680494236306, -7878493680494236306, -7468094263772944977, -4684927571111087469, -4422965615056658600, -3244545337747686869, 1010252248677854770, 1788522380433331551, 2105459849853525562, 4362525372323502285, 6305875354150632000]",False
1499,6,add,"(1, 8)",Graph with 11 nodes and 13 edges,"[-8443602642917788985, -8091408383150549973, -7130123859093213542, -7130123859093213542, -3771881763128045978, -510340305903546214, 1611617557623784001, 1611617557623784001, 4428030020658833429, 4945821947293672249, 9009801540194786887]",False
1499,7,remove,"(6, 7)",Graph with 11 nodes and 11 edges,"[-7211180222380930081, -7001306882312524572, -6852120471316904000, -5094173800197273871, -3041946163041689681, 552823775858708315, 714414176384349619, 2942317578606865780, 4836125792248299623, 6804739723015904416, 7075407732297445362]",False
1499,8,add,"(5, 6)",Graph with 11 nodes and 13 edges,"[-8401353873617550615, -5385114123548191186, -4987879257244721791, -3290160115025056900, -2152322436065178219, -1202274487168227236, 3030864144436490308, 3706877060907911918, 5514809967346174879, 5986915912586376088, 7724077203425656317]",False
1499,9,add,"(0, 10)",Graph with 11 nodes and 13 edges,"[-6722257525041038311, -6157945380812050017, -4164778717172373081, -1667179026012968799, 587396359702370060, 2871913206611681185, 4779635422619572836, 5730746846027239955, 5998103289146021944, 6470298966669580418, 7390509729391542429]",False
1508,0,add,"(7, 8)",Graph with 11 nodes and 13 edges,"[-5471732418408452196, -5166818125196241153, -2713423090378295287, -502073615989392445, -389849418489957510, 192740126788793954, 1280456187477061497, 1376236580490007698, 5647985808471412570, 6099543528166439630, 7465526258034381344]",False
1508,1,add,"(4, 5)",Graph with 11 nodes and 13 edges,"[-9084523967471805468, -7829763001994255846, -7576242544090430130, -7168337885581130871, -6693822139032745256, -5921170977449498263, -4580070354161232256, 5645783355323116753, 6107877316008389245, 6208549434035010928, 8153998506498037622]",False
1508,2,remove,"(4, 7)",Graph with 11 nodes and 11 edges,"[-6465824000373098459, -6137655157613102945, -6137655157613102945, -4276640867770781548, -2111215746282871074, 701891940364458389, 701891940364458389, 1649391368065679453, 1970576112705276622, 3175214812921875834, 3175214812921875834]",False
1508,3,remove,"(2, 4)",Graph with 11 nodes and 11 edges,"[-2833592210217107609, -2833592210217107609, 1095400018947130494, 1095400018947130494, 4730508320890022255, 4730508320890022255, 6049371413431246738, 7818287495058871779, 7818287495058871779, 8737322159664439054, 8737322159664439054]",False
1508,4,remove,"(1, 3)",Graph with 11 nodes and 11 edges,"[-8562421015608249259, -6998272437669396894, -6063845773015124455, -4117224930171580352, -2632856848834362043, -2086427605344805486, -2086427605344805486, 107534970367687133, 3397181683829450405, 6975040000549275773, 7097752876669168401]",False
1508,5,add,"(1, 6)",Graph with 11 nodes and 13 edges,"[-9154627468295270222, -7981152666257155505, 801654610524553241, 1937590247526437360, 5697422187308062287, 5736424029829828887, 6857808687155615903, 7380102595710357099, 7665550314364893454, 8378997901419009396, 8537581066397990421]",False
1508,6,add,"(4, 6)",Graph with 11 nodes and 13 edges,"[-9152958327261967161, -8218644027531081631, -5319249667770464067, -5210036202233043773, -5191542533392066056, -5051589721450437856, -1774266610147464724, -1320807470543052960, 4166235646647440252, 4217681501138348923, 5687196898247672074]",False
1508,7,add,"(7, 8)",Graph with 11 nodes and 13 edges,"[-5471732418408452196, -5166818125196241153, -2713423090378295287, -502073615989392445, -389849418489957510, 192740126788793954, 1280456187477061497, 1376236580490007698, 5647985808471412570, 6099543528166439630, 7465526258034381344]",False
1508,8,add,"(4, 6)",Graph with 11 nodes and 13 edges,"[-9152958327261967161, -8218644027531081631, -5319249667770464067, -5210036202233043773, -5191542533392066056, -5051589721450437856, -1774266610147464724, -1320807470543052960, 4166235646647440252, 4217681501138348923, 5687196898247672074]",False
1508,9,remove,"(6, 7)",Graph with 11 nodes and 11 edges,"[-7211180222380930081, -7001306882312524572, -6852120471316904000, -5094173800197273871, -3041946163041689681, 552823775858708315, 714414176384349619, 2942317578606865780, 4836125792248299623, 6804739723015904416, 7075407732297445362]",False
1624,0,remove,"(1, 2)",Graph with 11 nodes and 11 edges,"[-5655487619113369244, -4532089325682668543, -4442436774603531593, -1264232245215168959, -1264232245215168959, -1064155194330997013, -1064155194330997013, 3888600661870277735, 6203148829398960659, 8217097154021671077, 8989951003062896018]",False
1624,1,add,"(0, 8)",Graph with 11 nodes and 13 edges,"[-9011677299248757639, -8148618294067429022, -6697422847324811336, -6458056456639701495, -6024657832415418836, -5922815486134933846, -4134995482381236105, -1894500147787405389, 3278198097203507466, 8255994058050901815, 8680306591116227719]",False
1624,2,remove,"(4, 8)",Graph with 11 nodes and 11 edges,"[-8100148584582684934, -7447063031056350225, -7115581954690358426, -2981529326071555503, -2711980578275861694, 1582736739374220924, 2172119171537342956, 2749958209699628065, 5110236808600673350, 5721411797192157575, 8387559354983859640]",False
1624,3,add,"(1, 10)",Graph with 11 nodes and 13 edges,"[-8696427751024435123, -7476285433882745209, -5910331448934881426, -5126089481134127399, -3824054313339843955, -3385965395468350632, -2419253214647110814, 984271134002003197, 984271134002003197, 1028277109976291227, 2393736538739660723]",False
1624,4,add,"(7, 10)",Graph with 11 nodes and 13 edges,"[-7365565775686224224, -5380544458529186150, -3657376815014124050, -2601948840326140203, -2451749121151417948, 1781017392449002157, 2798258108314858049, 3082203214469433312, 4548904823750716309, 7595759761433104712, 8791861448542774030]",False
1624,5,add,"(6, 9)",Graph with 11 nodes and 13 edges,"[-9197475757652437887, -6984090779827573321, -6310526600011578405, -4778713390581104957, -3853413080263655786, -1911690229264492625, 2967462366179376027, 4754092091901249524, 4905499700035177589, 5097675014250978409, 6711014241891984254]",False
1624,6,add,"(0, 4)",Graph with 11 nodes and 13 edges,"[-8015807524932893329, -7000760427437905090, -6560654543155000227, -4895723560798990963, -1309196597994568399, -624615608599591630, -184850271254237278, 1951414753841498063, 2936042636769163087, 7017799029355299538, 9008105255865595431]",False
1624,7,remove,"(2, 4)",Graph with 11 nodes and 11 edges,"[-2833592210217107609, -2833592210217107609, 1095400018947130494, 1095400018947130494, 4730508320890022255, 4730508320890022255, 6049371413431246738, 7818287495058871779, 7818287495058871779, 8737322159664439054, 8737322159664439054]",False
1624,8,add,"(3, 8)",Graph with 11 nodes and 13 edges,"[-4321554482307868546, -3915623091230702245, -3416360908881213707, -3362596005805588415, -3252250141418336996, -1748003480977204569, 160409057652756659, 2994758458625139717, 7239366057994223053, 7333388850359349371, 8536722884757938678]",False
1624,9,add,"(6, 8)",Graph with 11 nodes and 13 edges,"[-7419806668116783382, -5897982316637363198, -5030562629495365072, -4923952513750801812, -3992593246684334453, -1852761889565154584, 980338729097844484, 1825581103594714234, 6606835419839341774, 6742352017520675856, 8704639936593653446]",False
1647,0,add,"(4, 6)",Graph with 11 nodes and 13 edges,"[-9152958327261967161, -8218644027531081631, -5319249667770464067, -5210036202233043773, -5191542533392066056, -5051589721450437856, -1774266610147464724, -1320807470543052960, 4166235646647440252, 4217681501138348923, 5687196898247672074]",False
1647,1,remove,"(6, 7)",Graph with 11 nodes and 11 edges,"[-7211180222380930081, -7001306882312524572, -6852120471316904000, -5094173800197273871, -3041946163041689681, 552823775858708315, 714414176384349619, 2942317578606865780, 4836125792248299623, 6804739723015904416, 7075407732297445362]",False
1647,2,remove,"(0, 1)",Graph with 11 nodes and 11 edges,"[-9155992331021361214, -9043066184420273856, -5681548398685153394, 1551062638310124101, 1798697280219362366, 2536627264874933604, 3961280004613138895, 4156381009800093954, 4916869937601973177, 5802676377761527462, 7426939823805853464]",False
1647,3,add,"(1, 8)",Graph with 11 nodes and 13 edges,"[-8443602642917788985, -8091408383150549973, -7130123859093213542, -7130123859093213542, -3771881763128045978, -510340305903546214, 1611617557623784001, 1611617557623784001, 4428030020658833429, 4945821947293672249, 9009801540194786887]",False
1647,4,remove,"(2, 4)",Graph with 11 nodes and 11 edges,"[-2833592210217107609, -2833592210217107609, 1095400018947130494, 1095400018947130494, 4730508320890022255, 4730508320890022255, 6049371413431246738, 7818287495058871779, 7818287495058871779, 8737322159664439054, 8737322159664439054]",False
1647,5,add,"(7, 9)",Graph with 11 nodes and 13 edges,"[-6623877740142994070, -4522610165784119932, -2676029562899749315, -2202144508899777368, -1520718776248182122, -1177908115950637552, 227566675723548405, 1017693408786316233, 2934569614140604760, 7769644541083042452, 7907452483086109794]",False
1647,6,remove,"(4, 8)",Graph with 11 nodes and 11 edges,"[-8100148584582684934, -7447063031056350225, -7115581954690358426, -2981529326071555503, -2711980578275861694, 1582736739374220924, 2172119171537342956, 2749958209699628065, 5110236808600673350, 5721411797192157575, 8387559354983859640]",False
1647,7,remove,"(5, 9)",Graph with 11 nodes and 11 edges,"[-8519797832744539810, -8220658343611442618, -6618893896402228059, -6555426023257742626, -2017685611971439158, -802070884881095272, 65216849090900882, 1198023295164929262, 2390608842661495779, 5907595662378575467, 5959026651091837283]",False
1647,8,remove,"(1, 2)",Graph with 11 nodes and 11 edges,"[-5655487619113369244, -4532089325682668543, -4442436774603531593, -1264232245215168959, -1264232245215168959, -1064155194330997013, -1064155194330997013, 3888600661870277735, 6203148829398960659, 8217097154021671077, 8989951003062896018]",False
1647,9,remove,"(4, 8)",Graph with 11 nodes and 11 edges,"[-8100148584582684934, -7447063031056350225, -7115581954690358426, -2981529326071555503, -2711980578275861694, 1582736739374220924, 2172119171537342956, 2749958209699628065, 5110236808600673350, 5721411797192157575, 8387559354983859640]",False
1972,0,add,"(6, 8)",Graph with 11 nodes and 13 edges,"[-5446217095169727458, -4570419866581913116, -4025289900811793411, 656963627140537271, 1114528099136963788, 3033036457314834788, 4030586661862068330, 7813063808476808819, 8467145293402394972, 9173562028623224719, 9173562028623224719]",False
1972,1,remove,"(0, 1)",Graph with 11 nodes and 11 edges,"[-7232984225240012484, -7065875274648461256, -7065875274648461256, -1622632268282448690, 105916630758985424, 1933579794812862194, 1933579794812862194, 4341240819856305149, 4341240819856305149, 5003845300843564465, 7964838532289464556]",False
1972,2,add,"(7, 9)",Graph with 11 nodes and 13 edges,"[-9155541837259044051, -8834350519079456088, -6453596676989914158, -5909569059840122344, -4789990470818493504, -4608213197877786166, -4347715749401928299, 1226845554847903352, 2913372534230492253, 3477676687372239761, 6006116987462125839]",False
1972,3,remove,"(0, 5)",Graph with 11 nodes and 11 edges,"[-5655487619113369244, -4532089325682668543, -4442436774603531593, -1264232245215168959, -1264232245215168959, -1064155194330997013, -1064155194330997013, 3888600661870277735, 6203148829398960659, 8217097154021671077, 8989951003062896018]",False
1972,4,remove,"(3, 4)",Graph with 11 nodes and 11 edges,"[-8100148584582684934, -7447063031056350225, -7115581954690358426, -2981529326071555503, -2711980578275861694, 1582736739374220924, 2172119171537342956, 2749958209699628065, 5110236808600673350, 5721411797192157575, 8387559354983859640]",False
1972,5,remove,"(3, 4)",Graph with 11 nodes and 11 edges,"[-8100148584582684934, -7447063031056350225, -7115581954690358426, -2981529326071555503, -2711980578275861694, 1582736739374220924, 2172119171537342956, 2749958209699628065, 5110236808600673350, 5721411797192157575, 8387559354983859640]",False
1972,6,add,"(9, 10)",Graph with 11 nodes and 13 edges,"[-7365565775686224224, -5380544458529186150, -3657376815014124050, -2601948840326140203, -2451749121151417948, 1781017392449002157, 2798258108314858049, 3082203214469433312, 4548904823750716309, 7595759761433104712, 8791861448542774030]",False
1972,7,add,"(3, 9)",Graph with 11 nodes and 13 edges,"[-5471732418408452196, -5166818125196241153, -2713423090378295287, -502073615989392445, -389849418489957510, 192740126788793954, 1280456187477061497, 1376236580490007698, 5647985808471412570, 6099543528166439630, 7465526258034381344]",False
1972,8,remove,"(0, 1)",Graph with 11 nodes and 11 edges,"[-7232984225240012484, -7065875274648461256, -7065875274648461256, -1622632268282448690, 105916630758985424, 1933579794812862194, 1933579794812862194, 4341240819856305149, 4341240819856305149, 5003845300843564465, 7964838532289464556]",False
1972,9,add,"(7, 10)",Graph with 11 nodes and 13 edges,"[-8167972212056925665, -6470076855825189965, -5152337878258052698, -4923681281621801353, -2218733306477125115, -2201246245165510707, -1889452460916218684, -1615674120696583418, 5155465534501637984, 8715669831635226038, 8885850187196248181]",False
