method,dim,walk_len,num_walks,acc,prec_macro,rec_macro,f1_macro,prec_c0,rec_c0,f1_c0,prec_c1,rec_c1,f1_c1,tn,fp,fn,tp,sec
AW_len,128,5,100,0.7288135593220338,0.3644067796610169,0.5,0.4215686274509804,0.0,0.0,0.0,0.7288135593220338,1.0,0.8431372549019608,0,64,0,172,5.419318199157715
AW_len,128,15,100,0.6949152542372882,0.5775510204081633,0.5552325581395349,0.5560200668896321,0.4,0.25,0.3076923076923077,0.7551020408163265,0.8604651162790697,0.8043478260869565,16,48,24,148,10.388145446777344
AW_len,128,25,100,0.8177966101694916,0.7823370482944951,0.7278343023255813,0.7467495196027052,0.723404255319149,0.53125,0.6126126126126126,0.8412698412698413,0.9244186046511628,0.8808864265927978,34,30,13,159,14.655383586883545
AW_len,128,35,100,0.885593220338983,0.8684580612757409,0.8332122093023255,0.8483109957864166,0.8363636363636363,0.71875,0.773109243697479,0.9005524861878453,0.9476744186046512,0.9235127478753541,46,18,9,163,20.499661207199097
AW_len,128,45,100,0.9279661016949152,0.9140515222482435,0.9015261627906976,0.9075043227665707,0.8852459016393442,0.84375,0.864,0.9428571428571428,0.9593023255813954,0.9510086455331412,54,10,7,165,25.800531148910522
AW_len,128,55,100,0.923728813559322,0.9067482387838339,0.8986191860465116,0.9025598678777869,0.8709677419354839,0.84375,0.8571428571428571,0.9425287356321839,0.9534883720930233,0.9479768786127167,54,10,8,164,30.741454124450684
AW_len,128,65,100,0.9110169491525424,0.9040180813661476,0.8653706395348837,0.882019663389435,0.8909090909090909,0.765625,0.8235294117647058,0.9171270718232044,0.9651162790697675,0.9405099150141643,49,15,6,166,36.25772953033447
AW_len,128,75,100,0.9491525423728814,0.9322638146167558,0.9405886627906976,0.936302294197031,0.8939393939393939,0.921875,0.9076923076923077,0.9705882352941176,0.9593023255813954,0.9649122807017544,59,5,7,165,41.793492794036865
AW_len,128,85,100,0.9364406779661016,0.9213230571612074,0.9171511627906976,0.9192057514549812,0.8888888888888888,0.875,0.8818897637795275,0.953757225433526,0.9593023255813954,0.9565217391304348,56,8,7,165,47.58415508270264
AW_len,128,95,100,0.9533898305084746,0.9632847815168257,0.918968023255814,0.9382007760611326,0.9818181818181818,0.84375,0.907563025210084,0.9447513812154696,0.9941860465116279,0.9688385269121813,54,10,1,171,55.012826681137085
AW_len,128,105,100,0.961864406779661,0.949842555105713,0.9542151162790697,0.9519967455420706,0.9230769230769231,0.9375,0.9302325581395349,0.9766081871345029,0.9709302325581395,0.9737609329446064,60,4,5,167,60.493956327438354
