shard,slice,n
0,0,834
0,1,833
0,2,833
1,0,834
1,1,833
1,2,833
2,0,834
2,1,833
2,2,833
3,0,834
3,1,833
3,2,833
4,0,834
4,1,833
4,2,833
5,0,834
5,1,833
5,2,833
6,0,834
6,1,833
6,2,833
7,0,834
7,1,833
7,2,833
8,0,834
8,1,833
8,2,833
9,0,834
9,1,833
9,2,833
10,0,834
10,1,833
10,2,833
11,0,834
11,1,833
11,2,833
12,0,834
12,1,833
12,2,833
13,0,834
13,1,833
13,2,833
14,0,834
14,1,833
14,2,833
15,0,834
15,1,833
15,2,833
16,0,834
16,1,833
16,2,833
17,0,834
17,1,833
17,2,833
18,0,834
18,1,833
18,2,833
19,0,834
19,1,833
19,2,833
